video,frame,label,label_str,scenario,score
vs1,frame_0.jpg,1,videos_fake,hq,0.65943444
vs1,frame_15.jpg,1,videos_fake,hq,0.7913813
vs1,frame_30.jpg,1,videos_fake,hq,0.22085086
vs1,frame_45.jpg,1,videos_fake,hq,0.6563463
vs1,frame_60.jpg,1,videos_fake,hq,0.5360117
vs1,frame_75.jpg,1,videos_fake,hq,0.6712769
vs10,frame_0.jpg,1,videos_fake,hq,0.56732905
vs10,frame_105.jpg,1,videos_fake,hq,0.49080613
vs10,frame_15.jpg,1,videos_fake,hq,0.54755867
vs10,frame_30.jpg,1,videos_fake,hq,0.5855131
vs10,frame_45.jpg,1,videos_fake,hq,0.68439656
vs10,frame_60.jpg,1,videos_fake,hq,0.7243174
vs10,frame_75.jpg,1,videos_fake,hq,0.5228361
vs10,frame_90.jpg,1,videos_fake,hq,0.3271535
vs11,frame_0.jpg,1,videos_fake,hq,0.0830189
vs11,frame_15.jpg,1,videos_fake,hq,0.20724691
vs11,frame_30.jpg,1,videos_fake,hq,0.17086871
vs11,frame_45.jpg,1,videos_fake,hq,0.14600468
vs11,frame_60.jpg,1,videos_fake,hq,0.12788679
vs11,frame_75.jpg,1,videos_fake,hq,0.12805897
vs12,frame_0.jpg,1,videos_fake,hq,0.60707057
vs12,frame_15.jpg,1,videos_fake,hq,0.58943164
vs12,frame_30.jpg,1,videos_fake,hq,0.6022167
vs12,frame_45.jpg,1,videos_fake,hq,0.61264193
vs12,frame_60.jpg,1,videos_fake,hq,0.61149484
vs12,frame_75.jpg,1,videos_fake,hq,0.6297277
vs12,frame_90.jpg,1,videos_fake,hq,0.5836631
vs13,frame_0.jpg,1,videos_fake,hq,0.57912797
vs13,frame_15.jpg,1,videos_fake,hq,0.59249353
vs13,frame_30.jpg,1,videos_fake,hq,0.5072193
vs13,frame_45.jpg,1,videos_fake,hq,0.5631336
vs13,frame_60.jpg,1,videos_fake,hq,0.5821114
vs13,frame_75.jpg,1,videos_fake,hq,0.5885323
vs14,frame_0.jpg,1,videos_fake,hq,0.50156385
vs14,frame_15.jpg,1,videos_fake,hq,0.48626423
vs14,frame_30.jpg,1,videos_fake,hq,0.5359472
vs14,frame_45.jpg,1,videos_fake,hq,0.5592898
vs14,frame_60.jpg,1,videos_fake,hq,0.64077604
vs14,frame_75.jpg,1,videos_fake,hq,0.60624015
vs15,frame_0.jpg,1,videos_fake,hq,0.051988352
vs15,frame_15.jpg,1,videos_fake,hq,0.13947535
vs15,frame_30.jpg,1,videos_fake,hq,0.1626051
vs15,frame_45.jpg,1,videos_fake,hq,0.45423993
vs15,frame_60.jpg,1,videos_fake,hq,0.3436978
vs16,frame_0.jpg,1,videos_fake,hq,0.28741062
vs16,frame_15.jpg,1,videos_fake,hq,0.32645512
vs16,frame_30.jpg,1,videos_fake,hq,0.2770939
vs16,frame_45.jpg,1,videos_fake,hq,0.3121666
vs16,frame_60.jpg,1,videos_fake,hq,0.3097961
vs16,frame_75.jpg,1,videos_fake,hq,0.34894878
vs17,frame_0.jpg,1,videos_fake,hq,0.63982
vs17,frame_15.jpg,1,videos_fake,hq,0.7608456
vs17,frame_30.jpg,1,videos_fake,hq,0.75664085
vs17,frame_45.jpg,1,videos_fake,hq,0.75100124
vs17,frame_60.jpg,1,videos_fake,hq,0.7577994
vs17,frame_75.jpg,1,videos_fake,hq,0.7161478
vs17,frame_90.jpg,1,videos_fake,hq,0.67198807
vs18,frame_0.jpg,1,videos_fake,hq,0.20524284
vs18,frame_15.jpg,1,videos_fake,hq,0.20479691
vs18,frame_30.jpg,1,videos_fake,hq,0.20996611
vs18,frame_45.jpg,1,videos_fake,hq,0.2146387
vs18,frame_60.jpg,1,videos_fake,hq,0.28963968
vs18,frame_75.jpg,1,videos_fake,hq,0.23203164
vs18,frame_90.jpg,1,videos_fake,hq,0.30813682
vs19,frame_0.jpg,1,videos_fake,hq,0.5163678
vs19,frame_15.jpg,1,videos_fake,hq,0.5851358
vs19,frame_30.jpg,1,videos_fake,hq,0.6788399
vs19,frame_45.jpg,1,videos_fake,hq,0.7435523
vs19,frame_60.jpg,1,videos_fake,hq,0.83950627
vs19,frame_75.jpg,1,videos_fake,hq,0.9718703
vs19,frame_90.jpg,1,videos_fake,hq,0.7616327
vs2,frame_0.jpg,1,videos_fake,hq,0.15304407
vs2,frame_15.jpg,1,videos_fake,hq,0.34004205
vs2,frame_30.jpg,1,videos_fake,hq,0.4140584
vs2,frame_45.jpg,1,videos_fake,hq,0.71653324
vs2,frame_60.jpg,1,videos_fake,hq,0.73210186
vs2,frame_75.jpg,1,videos_fake,hq,0.7491246
vs2,frame_90.jpg,1,videos_fake,hq,0.34764814
vs20,frame_0.jpg,1,videos_fake,hq,0.2178739
vs20,frame_15.jpg,1,videos_fake,hq,0.31734017
vs20,frame_30.jpg,1,videos_fake,hq,0.41965586
vs20,frame_45.jpg,1,videos_fake,hq,0.4031077
vs20,frame_60.jpg,1,videos_fake,hq,0.45390293
vs20,frame_75.jpg,1,videos_fake,hq,0.37977245
vs20,frame_90.jpg,1,videos_fake,hq,0.388346
vs21,frame_0.jpg,1,videos_fake,hq,0.78270966
vs21,frame_15.jpg,1,videos_fake,hq,0.7429091
vs21,frame_30.jpg,1,videos_fake,hq,0.8171727
vs21,frame_45.jpg,1,videos_fake,hq,0.7766199
vs21,frame_60.jpg,1,videos_fake,hq,0.7928021
vs21,frame_75.jpg,1,videos_fake,hq,0.8319229
vs22,frame_0.jpg,1,videos_fake,hq,0.713336
vs22,frame_105.jpg,1,videos_fake,hq,0.64902806
vs22,frame_120.jpg,1,videos_fake,hq,0.6447173
vs22,frame_135.jpg,1,videos_fake,hq,0.6315333
vs22,frame_15.jpg,1,videos_fake,hq,0.637827
vs22,frame_150.jpg,1,videos_fake,hq,0.59912616
vs22,frame_165.jpg,1,videos_fake,hq,0.66432554
vs22,frame_30.jpg,1,videos_fake,hq,0.57320833
vs22,frame_45.jpg,1,videos_fake,hq,0.5721309
vs22,frame_60.jpg,1,videos_fake,hq,0.68553805
vs22,frame_75.jpg,1,videos_fake,hq,0.7055379
vs22,frame_90.jpg,1,videos_fake,hq,0.6635275
vs23,frame_0.jpg,1,videos_fake,hq,0.7233468
vs23,frame_15.jpg,1,videos_fake,hq,0.74592394
vs23,frame_30.jpg,1,videos_fake,hq,0.7995325
vs23,frame_45.jpg,1,videos_fake,hq,0.73114026
vs23,frame_60.jpg,1,videos_fake,hq,0.80866534
vs23,frame_75.jpg,1,videos_fake,hq,0.7574582
vs23,frame_90.jpg,1,videos_fake,hq,0.7713776
vs24,frame_0.jpg,1,videos_fake,hq,0.4130059
vs24,frame_15.jpg,1,videos_fake,hq,0.66806936
vs24,frame_30.jpg,1,videos_fake,hq,0.48131096
vs24,frame_45.jpg,1,videos_fake,hq,0.65338045
vs24,frame_60.jpg,1,videos_fake,hq,0.45190856
vs24,frame_75.jpg,1,videos_fake,hq,0.55498123
vs24,frame_90.jpg,1,videos_fake,hq,0.898545
vs25,frame_0.jpg,1,videos_fake,hq,0.64192057
vs25,frame_15.jpg,1,videos_fake,hq,0.5489807
vs25,frame_30.jpg,1,videos_fake,hq,0.83642054
vs25,frame_45.jpg,1,videos_fake,hq,0.70645815
vs25,frame_60.jpg,1,videos_fake,hq,0.9388471
vs25,frame_75.jpg,1,videos_fake,hq,0.7612657
vs25,frame_90.jpg,1,videos_fake,hq,0.6602025
vs26,frame_0.jpg,1,videos_fake,hq,0.5606278
vs26,frame_105.jpg,1,videos_fake,hq,0.6608176
vs26,frame_15.jpg,1,videos_fake,hq,0.5575684
vs26,frame_30.jpg,1,videos_fake,hq,0.5621697
vs26,frame_45.jpg,1,videos_fake,hq,0.6053552
vs26,frame_60.jpg,1,videos_fake,hq,0.656097
vs26,frame_75.jpg,1,videos_fake,hq,0.6598138
vs26,frame_90.jpg,1,videos_fake,hq,0.6890336
vs27,frame_0.jpg,1,videos_fake,hq,0.5757351
vs27,frame_15.jpg,1,videos_fake,hq,0.6709366
vs27,frame_30.jpg,1,videos_fake,hq,0.584434
vs27,frame_45.jpg,1,videos_fake,hq,0.6805229
vs27,frame_60.jpg,1,videos_fake,hq,0.46516237
vs27,frame_75.jpg,1,videos_fake,hq,0.6244777
vs27,frame_90.jpg,1,videos_fake,hq,0.63185763
vs28,frame_0.jpg,1,videos_fake,hq,0.672418
vs28,frame_15.jpg,1,videos_fake,hq,0.6881044
vs28,frame_30.jpg,1,videos_fake,hq,0.66765034
vs28,frame_45.jpg,1,videos_fake,hq,0.6936031
vs28,frame_60.jpg,1,videos_fake,hq,0.629902
vs28,frame_75.jpg,1,videos_fake,hq,0.62510324
vs29,frame_0.jpg,1,videos_fake,hq,0.53777635
vs29,frame_105.jpg,1,videos_fake,hq,0.5633354
vs29,frame_120.jpg,1,videos_fake,hq,0.4519104
vs29,frame_15.jpg,1,videos_fake,hq,0.42325
vs29,frame_30.jpg,1,videos_fake,hq,0.5957658
vs29,frame_45.jpg,1,videos_fake,hq,0.509516
vs29,frame_60.jpg,1,videos_fake,hq,0.63342845
vs29,frame_75.jpg,1,videos_fake,hq,0.6750071
vs29,frame_90.jpg,1,videos_fake,hq,0.51166075
vs3,frame_0.jpg,1,videos_fake,hq,0.7314474
vs3,frame_105.jpg,1,videos_fake,hq,0.46689874
vs3,frame_15.jpg,1,videos_fake,hq,0.73324704
vs3,frame_30.jpg,1,videos_fake,hq,0.56880546
vs3,frame_45.jpg,1,videos_fake,hq,0.74927163
vs3,frame_60.jpg,1,videos_fake,hq,0.511639
vs3,frame_75.jpg,1,videos_fake,hq,0.50427085
vs3,frame_90.jpg,1,videos_fake,hq,0.5364144
vs30,frame_0.jpg,1,videos_fake,hq,0.47546202
vs30,frame_15.jpg,1,videos_fake,hq,0.5195109
vs30,frame_30.jpg,1,videos_fake,hq,0.49987018
vs30,frame_45.jpg,1,videos_fake,hq,0.49420124
vs30,frame_60.jpg,1,videos_fake,hq,0.4736859
vs31,frame_0.jpg,1,videos_fake,hq,0.9617215
vs31,frame_105.jpg,1,videos_fake,hq,0.98454505
vs31,frame_120.jpg,1,videos_fake,hq,0.96505547
vs31,frame_135.jpg,1,videos_fake,hq,0.98302484
vs31,frame_15.jpg,1,videos_fake,hq,0.97347796
vs31,frame_150.jpg,1,videos_fake,hq,0.9978564
vs31,frame_165.jpg,1,videos_fake,hq,0.9771155
vs31,frame_30.jpg,1,videos_fake,hq,0.9810926
vs31,frame_45.jpg,1,videos_fake,hq,0.9762596
vs31,frame_60.jpg,1,videos_fake,hq,0.98728144
vs31,frame_75.jpg,1,videos_fake,hq,0.996114
vs31,frame_90.jpg,1,videos_fake,hq,0.9781591
vs32,frame_0.jpg,1,videos_fake,hq,0.840218
vs32,frame_105.jpg,1,videos_fake,hq,0.9184693
vs32,frame_15.jpg,1,videos_fake,hq,0.785591
vs32,frame_30.jpg,1,videos_fake,hq,0.8749316
vs32,frame_45.jpg,1,videos_fake,hq,0.94310576
vs32,frame_60.jpg,1,videos_fake,hq,0.900257
vs32,frame_75.jpg,1,videos_fake,hq,0.9570645
vs32,frame_90.jpg,1,videos_fake,hq,0.9323823
vs33,frame_0.jpg,1,videos_fake,hq,0.23330957
vs33,frame_105.jpg,1,videos_fake,hq,0.5348807
vs33,frame_15.jpg,1,videos_fake,hq,0.23440503
vs33,frame_30.jpg,1,videos_fake,hq,0.4309126
vs33,frame_45.jpg,1,videos_fake,hq,0.38182208
vs33,frame_60.jpg,1,videos_fake,hq,0.3876009
vs33,frame_75.jpg,1,videos_fake,hq,0.6160877
vs33,frame_90.jpg,1,videos_fake,hq,0.563537
vs34,frame_0.jpg,1,videos_fake,hq,0.646009
vs34,frame_15.jpg,1,videos_fake,hq,0.034753527
vs34,frame_30.jpg,1,videos_fake,hq,0.039789714
vs34,frame_45.jpg,1,videos_fake,hq,0.05205248
vs34,frame_60.jpg,1,videos_fake,hq,0.04989078
vs34,frame_75.jpg,1,videos_fake,hq,0.025209218
vs34,frame_90.jpg,1,videos_fake,hq,0.13128866
vs35,frame_0.jpg,1,videos_fake,hq,0.9806581
vs35,frame_15.jpg,1,videos_fake,hq,0.9677472
vs35,frame_30.jpg,1,videos_fake,hq,0.85537404
vs35,frame_45.jpg,1,videos_fake,hq,0.96470344
vs35,frame_60.jpg,1,videos_fake,hq,0.8852277
vs35,frame_75.jpg,1,videos_fake,hq,0.8766888
vs35,frame_90.jpg,1,videos_fake,hq,0.5847612
vs36,frame_0.jpg,1,videos_fake,hq,0.8280716
vs36,frame_15.jpg,1,videos_fake,hq,0.817906
vs36,frame_30.jpg,1,videos_fake,hq,0.74858665
vs36,frame_45.jpg,1,videos_fake,hq,0.7080599
vs36,frame_60.jpg,1,videos_fake,hq,0.6005993
vs36,frame_75.jpg,1,videos_fake,hq,0.86426824
vs36,frame_90.jpg,1,videos_fake,hq,0.4641761
vs37,frame_0.jpg,1,videos_fake,hq,0.024383713
vs37,frame_15.jpg,1,videos_fake,hq,0.022674242
vs37,frame_30.jpg,1,videos_fake,hq,0.13580602
vs37,frame_45.jpg,1,videos_fake,hq,0.3490062
vs37,frame_60.jpg,1,videos_fake,hq,0.060842592
vs37,frame_75.jpg,1,videos_fake,hq,0.020481639
vs37,frame_90.jpg,1,videos_fake,hq,0.035671566
vs38,frame_0.jpg,1,videos_fake,hq,0.29050824
vs38,frame_105.jpg,1,videos_fake,hq,0.12528495
vs38,frame_120.jpg,1,videos_fake,hq,0.21696274
vs38,frame_135.jpg,1,videos_fake,hq,0.14234023
vs38,frame_15.jpg,1,videos_fake,hq,0.12480889
vs38,frame_30.jpg,1,videos_fake,hq,0.1632367
vs38,frame_45.jpg,1,videos_fake,hq,0.17197175
vs38,frame_60.jpg,1,videos_fake,hq,0.054591976
vs38,frame_75.jpg,1,videos_fake,hq,0.16266969
vs38,frame_90.jpg,1,videos_fake,hq,0.24158515
vs39,frame_0.jpg,1,videos_fake,hq,0.5837747
vs39,frame_15.jpg,1,videos_fake,hq,0.3632424
vs39,frame_30.jpg,1,videos_fake,hq,0.3537204
vs39,frame_45.jpg,1,videos_fake,hq,0.12476532
vs39,frame_60.jpg,1,videos_fake,hq,0.5361684
vs39,frame_75.jpg,1,videos_fake,hq,0.043074977
vs4,frame_0.jpg,1,videos_fake,hq,0.5865631
vs4,frame_15.jpg,1,videos_fake,hq,0.77976143
vs4,frame_30.jpg,1,videos_fake,hq,0.6914719
vs4,frame_45.jpg,1,videos_fake,hq,0.6402354
vs4,frame_60.jpg,1,videos_fake,hq,0.7285595
vs4,frame_75.jpg,1,videos_fake,hq,0.7381623
vs4,frame_90.jpg,1,videos_fake,hq,0.673735
vs40,frame_0.jpg,1,videos_fake,hq,0.57298166
vs40,frame_15.jpg,1,videos_fake,hq,0.61832905
vs40,frame_30.jpg,1,videos_fake,hq,0.65611565
vs40,frame_45.jpg,1,videos_fake,hq,0.6383505
vs40,frame_60.jpg,1,videos_fake,hq,0.71324944
vs40,frame_75.jpg,1,videos_fake,hq,0.83848876
vs40,frame_90.jpg,1,videos_fake,hq,0.8349022
vs41,frame_0.jpg,1,videos_fake,hq,0.43505234
vs41,frame_15.jpg,1,videos_fake,hq,0.6938281
vs41,frame_30.jpg,1,videos_fake,hq,0.21878712
vs41,frame_45.jpg,1,videos_fake,hq,0.6286594
vs41,frame_60.jpg,1,videos_fake,hq,0.15150139
vs41,frame_75.jpg,1,videos_fake,hq,0.5163245
vs41,frame_90.jpg,1,videos_fake,hq,0.062055442
vs42,frame_0.jpg,1,videos_fake,hq,0.6043131
vs42,frame_15.jpg,1,videos_fake,hq,0.62219393
vs42,frame_30.jpg,1,videos_fake,hq,0.58304083
vs42,frame_45.jpg,1,videos_fake,hq,0.58021235
vs42,frame_60.jpg,1,videos_fake,hq,0.5583607
vs42,frame_75.jpg,1,videos_fake,hq,0.48783034
vs42,frame_90.jpg,1,videos_fake,hq,0.51963353
vs43,frame_0.jpg,1,videos_fake,hq,0.002726914
vs43,frame_15.jpg,1,videos_fake,hq,0.0028689194
vs43,frame_30.jpg,1,videos_fake,hq,0.0012352761
vs43,frame_45.jpg,1,videos_fake,hq,0.0008744418
vs43,frame_60.jpg,1,videos_fake,hq,0.0012373958
vs43,frame_75.jpg,1,videos_fake,hq,0.0003932178
vs43,frame_90.jpg,1,videos_fake,hq,0.0013220257
vs44,frame_0.jpg,1,videos_fake,hq,0.5049623
vs44,frame_15.jpg,1,videos_fake,hq,0.62413955
vs44,frame_30.jpg,1,videos_fake,hq,0.493894
vs44,frame_60.jpg,1,videos_fake,hq,0.54406416
vs44,frame_75.jpg,1,videos_fake,hq,0.53134096
vs44,frame_90.jpg,1,videos_fake,hq,0.54220784
vs45,frame_0.jpg,1,videos_fake,hq,0.807308
vs45,frame_15.jpg,1,videos_fake,hq,0.82876533
vs45,frame_30.jpg,1,videos_fake,hq,0.6261662
vs45,frame_45.jpg,1,videos_fake,hq,0.9350452
vs45,frame_60.jpg,1,videos_fake,hq,0.8015889
vs45,frame_75.jpg,1,videos_fake,hq,0.71535146
vs45,frame_90.jpg,1,videos_fake,hq,0.6588527
vs46,frame_0.jpg,1,videos_fake,hq,0.57839525
vs46,frame_15.jpg,1,videos_fake,hq,0.5493946
vs46,frame_30.jpg,1,videos_fake,hq,0.53070295
vs46,frame_45.jpg,1,videos_fake,hq,0.51851535
vs46,frame_60.jpg,1,videos_fake,hq,0.30918512
vs46,frame_75.jpg,1,videos_fake,hq,0.31183973
vs46,frame_90.jpg,1,videos_fake,hq,0.26320583
vs47,frame_0.jpg,1,videos_fake,hq,0.46804327
vs47,frame_15.jpg,1,videos_fake,hq,0.54418194
vs47,frame_30.jpg,1,videos_fake,hq,0.5675744
vs47,frame_45.jpg,1,videos_fake,hq,0.5477511
vs47,frame_60.jpg,1,videos_fake,hq,0.6174389
vs47,frame_75.jpg,1,videos_fake,hq,0.69721496
vs48,frame_0.jpg,1,videos_fake,hq,0.013158389
vs48,frame_15.jpg,1,videos_fake,hq,0.01583187
vs48,frame_30.jpg,1,videos_fake,hq,0.013945817
vs48,frame_45.jpg,1,videos_fake,hq,0.018796382
vs48,frame_60.jpg,1,videos_fake,hq,0.013493781
vs48,frame_75.jpg,1,videos_fake,hq,0.027092347
vs48,frame_90.jpg,1,videos_fake,hq,0.009795524
vs49,frame_0.jpg,1,videos_fake,hq,0.90042204
vs49,frame_15.jpg,1,videos_fake,hq,0.9069142
vs49,frame_30.jpg,1,videos_fake,hq,0.849555
vs49,frame_45.jpg,1,videos_fake,hq,0.92796624
vs49,frame_60.jpg,1,videos_fake,hq,0.94057924
vs49,frame_75.jpg,1,videos_fake,hq,0.915041
vs5,frame_0.jpg,1,videos_fake,hq,0.70656615
vs5,frame_105.jpg,1,videos_fake,hq,0.8604786
vs5,frame_15.jpg,1,videos_fake,hq,0.8390352
vs5,frame_30.jpg,1,videos_fake,hq,0.78979397
vs5,frame_45.jpg,1,videos_fake,hq,0.688347
vs5,frame_60.jpg,1,videos_fake,hq,0.77987814
vs5,frame_75.jpg,1,videos_fake,hq,0.76517004
vs5,frame_90.jpg,1,videos_fake,hq,0.64463806
vs50,frame_0.jpg,1,videos_fake,hq,0.5338603
vs50,frame_15.jpg,1,videos_fake,hq,0.6349069
vs50,frame_30.jpg,1,videos_fake,hq,0.5928878
vs50,frame_45.jpg,1,videos_fake,hq,0.5897241
vs50,frame_60.jpg,1,videos_fake,hq,0.57681537
vs51,frame_0.jpg,1,videos_fake,hq,0.49193716
vs51,frame_105.jpg,1,videos_fake,hq,0.3420756
vs51,frame_15.jpg,1,videos_fake,hq,0.25478974
vs51,frame_30.jpg,1,videos_fake,hq,0.30815876
vs51,frame_45.jpg,1,videos_fake,hq,0.22350816
vs51,frame_60.jpg,1,videos_fake,hq,0.49178234
vs51,frame_75.jpg,1,videos_fake,hq,0.40344846
vs51,frame_90.jpg,1,videos_fake,hq,0.33039656
vs52,frame_0.jpg,1,videos_fake,hq,0.03637673
vs52,frame_15.jpg,1,videos_fake,hq,0.035944164
vs52,frame_30.jpg,1,videos_fake,hq,0.059196472
vs52,frame_45.jpg,1,videos_fake,hq,0.034899745
vs52,frame_60.jpg,1,videos_fake,hq,0.043104712
vs52,frame_75.jpg,1,videos_fake,hq,0.038074315
vs52,frame_90.jpg,1,videos_fake,hq,0.014102226
vs53,frame_0.jpg,1,videos_fake,hq,0.54556584
vs53,frame_105.jpg,1,videos_fake,hq,0.5638513
vs53,frame_15.jpg,1,videos_fake,hq,0.40789896
vs53,frame_30.jpg,1,videos_fake,hq,0.4760431
vs53,frame_45.jpg,1,videos_fake,hq,0.47819167
vs53,frame_60.jpg,1,videos_fake,hq,0.5516498
vs53,frame_75.jpg,1,videos_fake,hq,0.46683985
vs53,frame_90.jpg,1,videos_fake,hq,0.58345115
vs6,frame_0.jpg,1,videos_fake,hq,0.3015787
vs6,frame_15.jpg,1,videos_fake,hq,0.52459484
vs6,frame_30.jpg,1,videos_fake,hq,0.34557688
vs6,frame_45.jpg,1,videos_fake,hq,0.05565602
vs6,frame_60.jpg,1,videos_fake,hq,0.021466495
vs6,frame_75.jpg,1,videos_fake,hq,0.05693732
vs7,frame_0.jpg,1,videos_fake,hq,0.1752745
vs7,frame_15.jpg,1,videos_fake,hq,0.2382266
vs7,frame_30.jpg,1,videos_fake,hq,0.1219847
vs7,frame_45.jpg,1,videos_fake,hq,0.09713531
vs7,frame_60.jpg,1,videos_fake,hq,0.22034368
vs7,frame_75.jpg,1,videos_fake,hq,0.10402474
vs7,frame_90.jpg,1,videos_fake,hq,0.09068915
vs8,frame_0.jpg,1,videos_fake,hq,0.7923682
vs8,frame_15.jpg,1,videos_fake,hq,0.8002033
vs8,frame_30.jpg,1,videos_fake,hq,0.88581824
vs8,frame_45.jpg,1,videos_fake,hq,0.88807356
vs8,frame_60.jpg,1,videos_fake,hq,0.7959647
vs8,frame_75.jpg,1,videos_fake,hq,0.89358187
vs9,frame_0.jpg,1,videos_fake,hq,0.64264894
vs9,frame_105.jpg,1,videos_fake,hq,0.4554325
vs9,frame_15.jpg,1,videos_fake,hq,0.5525173
vs9,frame_30.jpg,1,videos_fake,hq,0.46766263
vs9,frame_45.jpg,1,videos_fake,hq,0.045055214
vs9,frame_60.jpg,1,videos_fake,hq,0.33883741
vs9,frame_75.jpg,1,videos_fake,hq,0.310478
vs9,frame_90.jpg,1,videos_fake,hq,0.1939018
v1,frame_0.jpg,0,videos_real,hq,0.951721
v1,frame_15.jpg,0,videos_real,hq,0.9484798
v1,frame_30.jpg,0,videos_real,hq,0.82519436
v1,frame_45.jpg,0,videos_real,hq,0.9358735
v1,frame_60.jpg,0,videos_real,hq,0.96768624
v1,frame_75.jpg,0,videos_real,hq,0.89437485
v10,frame_0.jpg,0,videos_real,hq,0.87168854
v10,frame_105.jpg,0,videos_real,hq,0.8268548
v10,frame_15.jpg,0,videos_real,hq,0.8271108
v10,frame_30.jpg,0,videos_real,hq,0.9376133
v10,frame_45.jpg,0,videos_real,hq,0.7723149
v10,frame_60.jpg,0,videos_real,hq,0.91779673
v10,frame_75.jpg,0,videos_real,hq,0.7247179
v10,frame_90.jpg,0,videos_real,hq,0.8786051
v11,frame_0.jpg,0,videos_real,hq,0.056036953
v11,frame_30.jpg,0,videos_real,hq,0.15190478
v11,frame_45.jpg,0,videos_real,hq,0.1338402
v11,frame_60.jpg,0,videos_real,hq,0.12715337
v11,frame_75.jpg,0,videos_real,hq,0.13822837
v12,frame_0.jpg,0,videos_real,hq,0.7585323
v12,frame_15.jpg,0,videos_real,hq,0.73012894
v12,frame_30.jpg,0,videos_real,hq,0.87713397
v12,frame_45.jpg,0,videos_real,hq,0.7071434
v12,frame_60.jpg,0,videos_real,hq,0.7521329
v12,frame_75.jpg,0,videos_real,hq,0.65963197
v12,frame_90.jpg,0,videos_real,hq,0.6186819
v13,frame_0.jpg,0,videos_real,hq,0.8676479
v13,frame_15.jpg,0,videos_real,hq,0.762731
v13,frame_30.jpg,0,videos_real,hq,0.75914586
v13,frame_45.jpg,0,videos_real,hq,0.7452009
v13,frame_60.jpg,0,videos_real,hq,0.75598025
v13,frame_75.jpg,0,videos_real,hq,0.82729125
v14,frame_0.jpg,0,videos_real,hq,0.48649636
v14,frame_15.jpg,0,videos_real,hq,0.39437905
v14,frame_30.jpg,0,videos_real,hq,0.6258726
v14,frame_45.jpg,0,videos_real,hq,0.52327704
v14,frame_60.jpg,0,videos_real,hq,0.57499886
v14,frame_75.jpg,0,videos_real,hq,0.5922791
v15,frame_0.jpg,0,videos_real,hq,0.16114588
v15,frame_15.jpg,0,videos_real,hq,0.32821092
v15,frame_30.jpg,0,videos_real,hq,0.10098571
v15,frame_45.jpg,0,videos_real,hq,0.7619025
v16,frame_0.jpg,0,videos_real,hq,0.42881152
v16,frame_15.jpg,0,videos_real,hq,0.4269297
v16,frame_30.jpg,0,videos_real,hq,0.38520393
v16,frame_45.jpg,0,videos_real,hq,0.603441
v16,frame_60.jpg,0,videos_real,hq,0.6591866
v16,frame_75.jpg,0,videos_real,hq,0.42924792
v17,frame_0.jpg,0,videos_real,hq,0.86387414
v17,frame_15.jpg,0,videos_real,hq,0.9022576
v17,frame_30.jpg,0,videos_real,hq,0.86505574
v17,frame_45.jpg,0,videos_real,hq,0.92289543
v17,frame_60.jpg,0,videos_real,hq,0.8964858
v17,frame_75.jpg,0,videos_real,hq,0.83815247
v17,frame_90.jpg,0,videos_real,hq,0.8891603
v18,frame_0.jpg,0,videos_real,hq,0.4368381
v18,frame_15.jpg,0,videos_real,hq,0.26881948
v18,frame_30.jpg,0,videos_real,hq,0.33249557
v18,frame_45.jpg,0,videos_real,hq,0.36849487
v18,frame_60.jpg,0,videos_real,hq,0.4101324
v18,frame_75.jpg,0,videos_real,hq,0.14761503
v18,frame_90.jpg,0,videos_real,hq,0.38425687
v19,frame_0.jpg,0,videos_real,hq,0.5038994
v19,frame_15.jpg,0,videos_real,hq,0.5154179
v19,frame_30.jpg,0,videos_real,hq,0.99989283
v19,frame_45.jpg,0,videos_real,hq,0.8918214
v19,frame_60.jpg,0,videos_real,hq,0.99649394
v19,frame_75.jpg,0,videos_real,hq,0.9760463
v19,frame_90.jpg,0,videos_real,hq,0.96998596
v2,frame_0.jpg,0,videos_real,hq,0.823644
v2,frame_15.jpg,0,videos_real,hq,0.8328314
v2,frame_30.jpg,0,videos_real,hq,0.72681755
v2,frame_45.jpg,0,videos_real,hq,0.9515591
v2,frame_60.jpg,0,videos_real,hq,0.9351879
v2,frame_75.jpg,0,videos_real,hq,0.9034353
v2,frame_90.jpg,0,videos_real,hq,0.94728935
v20,frame_0.jpg,0,videos_real,hq,0.5351058
v20,frame_15.jpg,0,videos_real,hq,0.31112748
v20,frame_30.jpg,0,videos_real,hq,0.2614511
v20,frame_45.jpg,0,videos_real,hq,0.36667642
v20,frame_60.jpg,0,videos_real,hq,0.28793418
v20,frame_75.jpg,0,videos_real,hq,0.41929567
v20,frame_90.jpg,0,videos_real,hq,0.569152
v21,frame_0.jpg,0,videos_real,hq,0.8983665
v21,frame_15.jpg,0,videos_real,hq,0.9145697
v21,frame_30.jpg,0,videos_real,hq,0.93534434
v21,frame_45.jpg,0,videos_real,hq,0.9606676
v21,frame_60.jpg,0,videos_real,hq,0.9665213
v21,frame_75.jpg,0,videos_real,hq,0.9597288
v22,frame_0.jpg,0,videos_real,hq,0.91501933
v22,frame_105.jpg,0,videos_real,hq,0.8040272
v22,frame_120.jpg,0,videos_real,hq,0.77164465
v22,frame_135.jpg,0,videos_real,hq,0.7390564
v22,frame_15.jpg,0,videos_real,hq,0.8966344
v22,frame_150.jpg,0,videos_real,hq,0.6569915
v22,frame_165.jpg,0,videos_real,hq,0.7182956
v22,frame_30.jpg,0,videos_real,hq,0.84139603
v22,frame_45.jpg,0,videos_real,hq,0.7497704
v22,frame_60.jpg,0,videos_real,hq,0.82293475
v22,frame_75.jpg,0,videos_real,hq,0.7534534
v22,frame_90.jpg,0,videos_real,hq,0.70606923
v23,frame_0.jpg,0,videos_real,hq,0.86065483
v23,frame_15.jpg,0,videos_real,hq,0.8994879
v23,frame_30.jpg,0,videos_real,hq,0.8681394
v23,frame_45.jpg,0,videos_real,hq,0.8824829
v23,frame_60.jpg,0,videos_real,hq,0.92540145
v23,frame_75.jpg,0,videos_real,hq,0.87292355
v23,frame_90.jpg,0,videos_real,hq,0.9300807
v24,frame_0.jpg,0,videos_real,hq,0.89916134
v24,frame_15.jpg,0,videos_real,hq,0.89371884
v24,frame_30.jpg,0,videos_real,hq,0.82454336
v24,frame_45.jpg,0,videos_real,hq,0.9533178
v24,frame_60.jpg,0,videos_real,hq,0.9837744
v24,frame_75.jpg,0,videos_real,hq,0.97935927
v24,frame_90.jpg,0,videos_real,hq,0.9703259
v25,frame_0.jpg,0,videos_real,hq,0.9981602
v25,frame_15.jpg,0,videos_real,hq,0.9987941
v25,frame_30.jpg,0,videos_real,hq,0.99737334
v25,frame_45.jpg,0,videos_real,hq,0.99850243
v25,frame_60.jpg,0,videos_real,hq,0.9976972
v25,frame_75.jpg,0,videos_real,hq,0.9997608
v25,frame_90.jpg,0,videos_real,hq,0.9988584
v26,frame_0.jpg,0,videos_real,hq,0.812534
v26,frame_105.jpg,0,videos_real,hq,0.9440668
v26,frame_15.jpg,0,videos_real,hq,0.73246604
v26,frame_30.jpg,0,videos_real,hq,0.70721376
v26,frame_45.jpg,0,videos_real,hq,0.9167803
v26,frame_60.jpg,0,videos_real,hq,0.94272053
v26,frame_75.jpg,0,videos_real,hq,0.91757715
v26,frame_90.jpg,0,videos_real,hq,0.94440615
v27,frame_0.jpg,0,videos_real,hq,0.7863665
v27,frame_15.jpg,0,videos_real,hq,0.9075802
v27,frame_30.jpg,0,videos_real,hq,0.9309066
v27,frame_45.jpg,0,videos_real,hq,0.8399099
v27,frame_60.jpg,0,videos_real,hq,0.96612895
v27,frame_75.jpg,0,videos_real,hq,0.80614066
v27,frame_90.jpg,0,videos_real,hq,0.92260444
v28,frame_0.jpg,0,videos_real,hq,0.7307462
v28,frame_15.jpg,0,videos_real,hq,0.8048747
v28,frame_30.jpg,0,videos_real,hq,0.6889756
v28,frame_45.jpg,0,videos_real,hq,0.7989868
v28,frame_60.jpg,0,videos_real,hq,0.75025254
v28,frame_75.jpg,0,videos_real,hq,0.7073077
v29,frame_0.jpg,0,videos_real,hq,0.6865745
v29,frame_105.jpg,0,videos_real,hq,0.8865676
v29,frame_120.jpg,0,videos_real,hq,0.7515234
v29,frame_15.jpg,0,videos_real,hq,0.8071356
v29,frame_30.jpg,0,videos_real,hq,0.8898259
v29,frame_45.jpg,0,videos_real,hq,0.776404
v29,frame_60.jpg,0,videos_real,hq,0.84006786
v29,frame_75.jpg,0,videos_real,hq,0.8760811
v29,frame_90.jpg,0,videos_real,hq,0.59398496
v3,frame_0.jpg,0,videos_real,hq,0.9802387
v3,frame_105.jpg,0,videos_real,hq,0.8257973
v3,frame_15.jpg,0,videos_real,hq,0.9938128
v3,frame_30.jpg,0,videos_real,hq,0.91796964
v3,frame_45.jpg,0,videos_real,hq,0.835391
v3,frame_60.jpg,0,videos_real,hq,0.8881054
v3,frame_75.jpg,0,videos_real,hq,0.81666
v3,frame_90.jpg,0,videos_real,hq,0.8992042
v30,frame_0.jpg,0,videos_real,hq,0.96571934
v30,frame_15.jpg,0,videos_real,hq,0.885951
v30,frame_30.jpg,0,videos_real,hq,0.7384534
v30,frame_45.jpg,0,videos_real,hq,0.98031217
v30,frame_60.jpg,0,videos_real,hq,0.96245867
v31,frame_0.jpg,0,videos_real,hq,0.999465
v31,frame_105.jpg,0,videos_real,hq,0.9981123
v31,frame_120.jpg,0,videos_real,hq,0.999865
v31,frame_135.jpg,0,videos_real,hq,0.9956982
v31,frame_15.jpg,0,videos_real,hq,0.9995937
v31,frame_150.jpg,0,videos_real,hq,0.99914265
v31,frame_165.jpg,0,videos_real,hq,0.999675
v31,frame_30.jpg,0,videos_real,hq,0.99838096
v31,frame_45.jpg,0,videos_real,hq,0.9994209
v31,frame_60.jpg,0,videos_real,hq,0.9993524
v31,frame_75.jpg,0,videos_real,hq,0.9989596
v31,frame_90.jpg,0,videos_real,hq,0.99800503
v32,frame_0.jpg,0,videos_real,hq,0.9979781
v32,frame_105.jpg,0,videos_real,hq,0.99203193
v32,frame_15.jpg,0,videos_real,hq,0.99746436
v32,frame_30.jpg,0,videos_real,hq,0.99728924
v32,frame_45.jpg,0,videos_real,hq,0.9960197
v32,frame_60.jpg,0,videos_real,hq,0.9985406
v32,frame_75.jpg,0,videos_real,hq,0.99784315
v32,frame_90.jpg,0,videos_real,hq,0.9716129
v33,frame_0.jpg,0,videos_real,hq,0.46383744
v33,frame_105.jpg,0,videos_real,hq,0.40611613
v33,frame_15.jpg,0,videos_real,hq,0.36200178
v33,frame_30.jpg,0,videos_real,hq,0.62892133
v33,frame_45.jpg,0,videos_real,hq,0.6125791
v33,frame_60.jpg,0,videos_real,hq,0.41778135
v33,frame_75.jpg,0,videos_real,hq,0.74486804
v33,frame_90.jpg,0,videos_real,hq,0.46787444
v34,frame_15.jpg,0,videos_real,hq,0.8468513
v34,frame_30.jpg,0,videos_real,hq,0.9636892
v34,frame_45.jpg,0,videos_real,hq,0.9854254
v34,frame_60.jpg,0,videos_real,hq,0.97707754
v34,frame_75.jpg,0,videos_real,hq,0.92195904
v34,frame_90.jpg,0,videos_real,hq,0.9768581
v35,frame_0.jpg,0,videos_real,hq,0.9993172
v35,frame_15.jpg,0,videos_real,hq,0.997392
v35,frame_30.jpg,0,videos_real,hq,0.99848956
v35,frame_45.jpg,0,videos_real,hq,0.99797404
v35,frame_60.jpg,0,videos_real,hq,0.9996831
v35,frame_75.jpg,0,videos_real,hq,0.999376
v35,frame_90.jpg,0,videos_real,hq,0.9759868
v36,frame_0.jpg,0,videos_real,hq,0.94123805
v36,frame_15.jpg,0,videos_real,hq,0.95888805
v36,frame_30.jpg,0,videos_real,hq,0.9521072
v36,frame_45.jpg,0,videos_real,hq,0.92140836
v36,frame_60.jpg,0,videos_real,hq,0.9207991
v36,frame_75.jpg,0,videos_real,hq,0.9202444
v36,frame_90.jpg,0,videos_real,hq,0.90401214
v37,frame_0.jpg,0,videos_real,hq,0.95379496
v37,frame_15.jpg,0,videos_real,hq,0.9532479
v37,frame_30.jpg,0,videos_real,hq,0.97523063
v37,frame_45.jpg,0,videos_real,hq,0.93847346
v37,frame_60.jpg,0,videos_real,hq,0.9578121
v37,frame_75.jpg,0,videos_real,hq,0.9381243
v37,frame_90.jpg,0,videos_real,hq,0.9166262
v38,frame_0.jpg,0,videos_real,hq,0.13226222
v38,frame_105.jpg,0,videos_real,hq,0.077090725
v38,frame_120.jpg,0,videos_real,hq,0.16644444
v38,frame_135.jpg,0,videos_real,hq,0.43008235
v38,frame_15.jpg,0,videos_real,hq,0.04453694
v38,frame_30.jpg,0,videos_real,hq,0.14521825
v38,frame_45.jpg,0,videos_real,hq,0.3711549
v38,frame_60.jpg,0,videos_real,hq,0.14157555
v38,frame_75.jpg,0,videos_real,hq,0.04649246
v38,frame_90.jpg,0,videos_real,hq,0.16083732
v39,frame_0.jpg,0,videos_real,hq,0.9375697
v39,frame_15.jpg,0,videos_real,hq,0.96063435
v39,frame_30.jpg,0,videos_real,hq,0.8839401
v39,frame_45.jpg,0,videos_real,hq,0.9246457
v39,frame_60.jpg,0,videos_real,hq,0.94638264
v39,frame_75.jpg,0,videos_real,hq,0.15537791
v4,frame_0.jpg,0,videos_real,hq,0.90403056
v4,frame_15.jpg,0,videos_real,hq,0.89049953
v4,frame_30.jpg,0,videos_real,hq,0.9394902
v4,frame_45.jpg,0,videos_real,hq,0.89653003
v4,frame_60.jpg,0,videos_real,hq,0.89825314
v4,frame_75.jpg,0,videos_real,hq,0.9112817
v4,frame_90.jpg,0,videos_real,hq,0.8583005
v40,frame_0.jpg,0,videos_real,hq,0.82853615
v40,frame_15.jpg,0,videos_real,hq,0.9376779
v40,frame_30.jpg,0,videos_real,hq,0.85340255
v40,frame_45.jpg,0,videos_real,hq,0.8629769
v40,frame_60.jpg,0,videos_real,hq,0.94189465
v40,frame_75.jpg,0,videos_real,hq,0.9915584
v40,frame_90.jpg,0,videos_real,hq,0.99639416
v41,frame_0.jpg,0,videos_real,hq,0.99084276
v41,frame_15.jpg,0,videos_real,hq,0.9933984
v41,frame_30.jpg,0,videos_real,hq,0.24983035
v41,frame_45.jpg,0,videos_real,hq,0.65778756
v41,frame_60.jpg,0,videos_real,hq,0.8144549
v41,frame_75.jpg,0,videos_real,hq,0.9477408
v41,frame_90.jpg,0,videos_real,hq,0.26631713
v42,frame_0.jpg,0,videos_real,hq,0.7526744
v42,frame_15.jpg,0,videos_real,hq,0.9263963
v42,frame_30.jpg,0,videos_real,hq,0.7676828
v42,frame_45.jpg,0,videos_real,hq,0.5955872
v42,frame_60.jpg,0,videos_real,hq,0.66217434
v42,frame_75.jpg,0,videos_real,hq,0.54442596
v42,frame_90.jpg,0,videos_real,hq,0.7447868
v43,frame_0.jpg,0,videos_real,hq,0.27009898
v43,frame_15.jpg,0,videos_real,hq,0.15571754
v43,frame_30.jpg,0,videos_real,hq,0.22634931
v43,frame_45.jpg,0,videos_real,hq,0.25003645
v43,frame_60.jpg,0,videos_real,hq,0.074138865
v43,frame_75.jpg,0,videos_real,hq,0.43752515
v43,frame_90.jpg,0,videos_real,hq,0.5581274
v44,frame_0.jpg,0,videos_real,hq,0.49780804
v44,frame_15.jpg,0,videos_real,hq,0.49809828
v44,frame_30.jpg,0,videos_real,hq,0.5051988
v44,frame_60.jpg,0,videos_real,hq,0.5243058
v44,frame_75.jpg,0,videos_real,hq,0.50312614
v44,frame_90.jpg,0,videos_real,hq,0.52262855
v45,frame_0.jpg,0,videos_real,hq,0.98024446
v45,frame_15.jpg,0,videos_real,hq,0.9968549
v45,frame_30.jpg,0,videos_real,hq,0.99795395
v45,frame_45.jpg,0,videos_real,hq,0.99308866
v45,frame_60.jpg,0,videos_real,hq,0.9939442
v45,frame_75.jpg,0,videos_real,hq,0.9943343
v45,frame_90.jpg,0,videos_real,hq,0.99661094
v46,frame_0.jpg,0,videos_real,hq,0.6657648
v46,frame_15.jpg,0,videos_real,hq,0.42215613
v46,frame_30.jpg,0,videos_real,hq,0.3299863
v46,frame_45.jpg,0,videos_real,hq,0.4304987
v46,frame_60.jpg,0,videos_real,hq,0.43380034
v46,frame_75.jpg,0,videos_real,hq,0.31472644
v46,frame_90.jpg,0,videos_real,hq,0.1339697
v47,frame_0.jpg,0,videos_real,hq,0.4600834
v47,frame_15.jpg,0,videos_real,hq,0.5245909
v47,frame_30.jpg,0,videos_real,hq,0.5380008
v47,frame_45.jpg,0,videos_real,hq,0.4960538
v47,frame_60.jpg,0,videos_real,hq,0.7988362
v48,frame_0.jpg,0,videos_real,hq,0.1016188
v48,frame_15.jpg,0,videos_real,hq,0.07764387
v48,frame_30.jpg,0,videos_real,hq,0.13289787
v48,frame_45.jpg,0,videos_real,hq,0.23437461
v48,frame_60.jpg,0,videos_real,hq,0.16132182
v48,frame_75.jpg,0,videos_real,hq,0.112642944
v48,frame_90.jpg,0,videos_real,hq,0.28480896
v49,frame_0.jpg,0,videos_real,hq,0.99847615
v49,frame_15.jpg,0,videos_real,hq,0.99909425
v49,frame_30.jpg,0,videos_real,hq,0.99935323
v49,frame_45.jpg,0,videos_real,hq,0.99917996
v49,frame_60.jpg,0,videos_real,hq,0.99868596
v49,frame_75.jpg,0,videos_real,hq,0.9991782
v5,frame_0.jpg,0,videos_real,hq,0.712485
v5,frame_105.jpg,0,videos_real,hq,0.6496765
v5,frame_15.jpg,0,videos_real,hq,0.68304306
v5,frame_30.jpg,0,videos_real,hq,0.7198213
v5,frame_45.jpg,0,videos_real,hq,0.7629209
v5,frame_60.jpg,0,videos_real,hq,0.8196237
v5,frame_75.jpg,0,videos_real,hq,0.8463529
v5,frame_90.jpg,0,videos_real,hq,0.6051974
v50,frame_0.jpg,0,videos_real,hq,0.57054967
v50,frame_15.jpg,0,videos_real,hq,0.72391355
v50,frame_30.jpg,0,videos_real,hq,0.5820415
v50,frame_45.jpg,0,videos_real,hq,0.66761863
v50,frame_60.jpg,0,videos_real,hq,0.5911366
v51,frame_0.jpg,0,videos_real,hq,0.9451674
v51,frame_105.jpg,0,videos_real,hq,0.36935252
v51,frame_15.jpg,0,videos_real,hq,0.49477792
v51,frame_30.jpg,0,videos_real,hq,0.8327259
v51,frame_45.jpg,0,videos_real,hq,0.8962748
v51,frame_60.jpg,0,videos_real,hq,0.8642522
v51,frame_75.jpg,0,videos_real,hq,0.8524686
v51,frame_90.jpg,0,videos_real,hq,0.9059139
v52,frame_0.jpg,0,videos_real,hq,0.14169371
v52,frame_15.jpg,0,videos_real,hq,0.16579865
v52,frame_30.jpg,0,videos_real,hq,0.2349598
v52,frame_45.jpg,0,videos_real,hq,0.15954743
v52,frame_60.jpg,0,videos_real,hq,0.13970526
v52,frame_75.jpg,0,videos_real,hq,0.18237278
v52,frame_90.jpg,0,videos_real,hq,0.09979148
v53,frame_0.jpg,0,videos_real,hq,0.89755607
v53,frame_105.jpg,0,videos_real,hq,0.8200648
v53,frame_15.jpg,0,videos_real,hq,0.52502394
v53,frame_30.jpg,0,videos_real,hq,0.814287
v53,frame_45.jpg,0,videos_real,hq,0.7621782
v53,frame_60.jpg,0,videos_real,hq,0.7958895
v53,frame_75.jpg,0,videos_real,hq,0.83722216
v53,frame_90.jpg,0,videos_real,hq,0.8311078
v6,frame_0.jpg,0,videos_real,hq,0.8568587
v6,frame_15.jpg,0,videos_real,hq,0.7226031
v6,frame_30.jpg,0,videos_real,hq,0.7905869
v6,frame_45.jpg,0,videos_real,hq,0.6160544
v6,frame_60.jpg,0,videos_real,hq,0.42034987
v6,frame_75.jpg,0,videos_real,hq,0.1763153
v7,frame_0.jpg,0,videos_real,hq,0.13509269
v7,frame_15.jpg,0,videos_real,hq,0.38067517
v7,frame_30.jpg,0,videos_real,hq,0.442882
v7,frame_45.jpg,0,videos_real,hq,0.21124437
v7,frame_60.jpg,0,videos_real,hq,0.49247408
v7,frame_75.jpg,0,videos_real,hq,0.4533528
v7,frame_90.jpg,0,videos_real,hq,0.52926326
v8,frame_0.jpg,0,videos_real,hq,0.99905014
v8,frame_15.jpg,0,videos_real,hq,0.99954635
v8,frame_30.jpg,0,videos_real,hq,0.9996555
v8,frame_45.jpg,0,videos_real,hq,0.99807817
v8,frame_60.jpg,0,videos_real,hq,0.99850047
v8,frame_75.jpg,0,videos_real,hq,0.9988182
v9,frame_0.jpg,0,videos_real,hq,0.97178763
v9,frame_105.jpg,0,videos_real,hq,0.8484812
v9,frame_15.jpg,0,videos_real,hq,0.9556303
v9,frame_30.jpg,0,videos_real,hq,0.9456874
v9,frame_45.jpg,0,videos_real,hq,0.6569029
v9,frame_60.jpg,0,videos_real,hq,0.7623456
v9,frame_75.jpg,0,videos_real,hq,0.852131
v9,frame_90.jpg,0,videos_real,hq,0.7537012
vs1,frame_0.jpg,1,videos_fake,lq,0.6129695
vs1,frame_15.jpg,1,videos_fake,lq,0.74275887
vs1,frame_30.jpg,1,videos_fake,lq,0.35162422
vs1,frame_45.jpg,1,videos_fake,lq,0.7171526
vs1,frame_60.jpg,1,videos_fake,lq,0.65647626
vs1,frame_75.jpg,1,videos_fake,lq,0.7082452
vs10,frame_0.jpg,1,videos_fake,lq,0.5739726
vs10,frame_105.jpg,1,videos_fake,lq,0.5845633
vs10,frame_15.jpg,1,videos_fake,lq,0.5769559
vs10,frame_30.jpg,1,videos_fake,lq,0.5569136
vs10,frame_45.jpg,1,videos_fake,lq,0.6673687
vs10,frame_60.jpg,1,videos_fake,lq,0.7076311
vs10,frame_75.jpg,1,videos_fake,lq,0.58365583
vs10,frame_90.jpg,1,videos_fake,lq,0.37988636
vs11,frame_0.jpg,1,videos_fake,lq,0.091500826
vs11,frame_15.jpg,1,videos_fake,lq,0.19476241
vs11,frame_30.jpg,1,videos_fake,lq,0.1609896
vs11,frame_45.jpg,1,videos_fake,lq,0.12621641
vs11,frame_60.jpg,1,videos_fake,lq,0.1654293
vs11,frame_75.jpg,1,videos_fake,lq,0.112088054
vs12,frame_0.jpg,1,videos_fake,lq,0.6013366
vs12,frame_15.jpg,1,videos_fake,lq,0.5764587
vs12,frame_30.jpg,1,videos_fake,lq,0.58196247
vs12,frame_45.jpg,1,videos_fake,lq,0.63574463
vs12,frame_60.jpg,1,videos_fake,lq,0.66297805
vs12,frame_75.jpg,1,videos_fake,lq,0.5892843
vs12,frame_90.jpg,1,videos_fake,lq,0.52094674
vs13,frame_0.jpg,1,videos_fake,lq,0.59488165
vs13,frame_15.jpg,1,videos_fake,lq,0.64727914
vs13,frame_30.jpg,1,videos_fake,lq,0.55327415
vs13,frame_45.jpg,1,videos_fake,lq,0.630604
vs13,frame_60.jpg,1,videos_fake,lq,0.63211817
vs13,frame_75.jpg,1,videos_fake,lq,0.6395556
vs14,frame_0.jpg,1,videos_fake,lq,0.50976706
vs14,frame_15.jpg,1,videos_fake,lq,0.49388105
vs14,frame_30.jpg,1,videos_fake,lq,0.5116697
vs14,frame_45.jpg,1,videos_fake,lq,0.530174
vs14,frame_60.jpg,1,videos_fake,lq,0.6443049
vs14,frame_75.jpg,1,videos_fake,lq,0.5983275
vs15,frame_0.jpg,1,videos_fake,lq,0.078972146
vs15,frame_15.jpg,1,videos_fake,lq,0.15577851
vs15,frame_30.jpg,1,videos_fake,lq,0.12965563
vs15,frame_45.jpg,1,videos_fake,lq,0.48021194
vs15,frame_60.jpg,1,videos_fake,lq,0.37420046
vs16,frame_0.jpg,1,videos_fake,lq,0.28871724
vs16,frame_15.jpg,1,videos_fake,lq,0.26552
vs16,frame_30.jpg,1,videos_fake,lq,0.26013836
vs16,frame_45.jpg,1,videos_fake,lq,0.3488331
vs16,frame_60.jpg,1,videos_fake,lq,0.3435295
vs16,frame_75.jpg,1,videos_fake,lq,0.32170534
vs17,frame_0.jpg,1,videos_fake,lq,0.73462445
vs17,frame_15.jpg,1,videos_fake,lq,0.775309
vs17,frame_30.jpg,1,videos_fake,lq,0.8002007
vs17,frame_45.jpg,1,videos_fake,lq,0.777591
vs17,frame_60.jpg,1,videos_fake,lq,0.7909566
vs17,frame_75.jpg,1,videos_fake,lq,0.79282916
vs17,frame_90.jpg,1,videos_fake,lq,0.6736232
vs18,frame_0.jpg,1,videos_fake,lq,0.17989188
vs18,frame_15.jpg,1,videos_fake,lq,0.2092495
vs18,frame_30.jpg,1,videos_fake,lq,0.21037436
vs18,frame_45.jpg,1,videos_fake,lq,0.1982039
vs18,frame_60.jpg,1,videos_fake,lq,0.34181067
vs18,frame_75.jpg,1,videos_fake,lq,0.28768498
vs18,frame_90.jpg,1,videos_fake,lq,0.30688512
vs19,frame_0.jpg,1,videos_fake,lq,0.5391139
vs19,frame_15.jpg,1,videos_fake,lq,0.57687193
vs19,frame_30.jpg,1,videos_fake,lq,0.7508586
vs19,frame_45.jpg,1,videos_fake,lq,0.7779925
vs19,frame_60.jpg,1,videos_fake,lq,0.85851455
vs19,frame_75.jpg,1,videos_fake,lq,0.9829297
vs19,frame_90.jpg,1,videos_fake,lq,0.8085753
vs2,frame_0.jpg,1,videos_fake,lq,0.1685986
vs2,frame_15.jpg,1,videos_fake,lq,0.43207538
vs2,frame_30.jpg,1,videos_fake,lq,0.3799435
vs2,frame_45.jpg,1,videos_fake,lq,0.8486661
vs2,frame_60.jpg,1,videos_fake,lq,0.78633165
vs2,frame_75.jpg,1,videos_fake,lq,0.7394136
vs2,frame_90.jpg,1,videos_fake,lq,0.38013607
vs20,frame_0.jpg,1,videos_fake,lq,0.4339936
vs20,frame_15.jpg,1,videos_fake,lq,0.32609713
vs20,frame_30.jpg,1,videos_fake,lq,0.36245662
vs20,frame_45.jpg,1,videos_fake,lq,0.36571568
vs20,frame_60.jpg,1,videos_fake,lq,0.43539122
vs20,frame_75.jpg,1,videos_fake,lq,0.40662116
vs20,frame_90.jpg,1,videos_fake,lq,0.40266272
vs21,frame_0.jpg,1,videos_fake,lq,0.77319086
vs21,frame_15.jpg,1,videos_fake,lq,0.7743584
vs21,frame_30.jpg,1,videos_fake,lq,0.8745539
vs21,frame_45.jpg,1,videos_fake,lq,0.8235265
vs21,frame_60.jpg,1,videos_fake,lq,0.8032752
vs21,frame_75.jpg,1,videos_fake,lq,0.8615418
vs22,frame_0.jpg,1,videos_fake,lq,0.6497632
vs22,frame_105.jpg,1,videos_fake,lq,0.63407004
vs22,frame_120.jpg,1,videos_fake,lq,0.6727866
vs22,frame_135.jpg,1,videos_fake,lq,0.65357435
vs22,frame_15.jpg,1,videos_fake,lq,0.6467006
vs22,frame_150.jpg,1,videos_fake,lq,0.6532624
vs22,frame_165.jpg,1,videos_fake,lq,0.6598431
vs22,frame_30.jpg,1,videos_fake,lq,0.61925244
vs22,frame_45.jpg,1,videos_fake,lq,0.6122204
vs22,frame_60.jpg,1,videos_fake,lq,0.6418436
vs22,frame_75.jpg,1,videos_fake,lq,0.71440405
vs22,frame_90.jpg,1,videos_fake,lq,0.75033236
vs23,frame_0.jpg,1,videos_fake,lq,0.7557535
vs23,frame_15.jpg,1,videos_fake,lq,0.72240543
vs23,frame_30.jpg,1,videos_fake,lq,0.81530803
vs23,frame_45.jpg,1,videos_fake,lq,0.67826915
vs23,frame_60.jpg,1,videos_fake,lq,0.7502561
vs23,frame_75.jpg,1,videos_fake,lq,0.7489474
vs23,frame_90.jpg,1,videos_fake,lq,0.7772382
vs24,frame_0.jpg,1,videos_fake,lq,0.4807929
vs24,frame_15.jpg,1,videos_fake,lq,0.5376663
vs24,frame_30.jpg,1,videos_fake,lq,0.45316657
vs24,frame_45.jpg,1,videos_fake,lq,0.6367481
vs24,frame_60.jpg,1,videos_fake,lq,0.591486
vs24,frame_75.jpg,1,videos_fake,lq,0.49547994
vs24,frame_90.jpg,1,videos_fake,lq,0.8846768
vs25,frame_0.jpg,1,videos_fake,lq,0.55407226
vs25,frame_15.jpg,1,videos_fake,lq,0.5743713
vs25,frame_30.jpg,1,videos_fake,lq,0.8015322
vs25,frame_45.jpg,1,videos_fake,lq,0.6715004
vs25,frame_60.jpg,1,videos_fake,lq,0.9386868
vs25,frame_75.jpg,1,videos_fake,lq,0.74887073
vs25,frame_90.jpg,1,videos_fake,lq,0.64163154
vs26,frame_0.jpg,1,videos_fake,lq,0.47075513
vs26,frame_105.jpg,1,videos_fake,lq,0.5814494
vs26,frame_15.jpg,1,videos_fake,lq,0.54324687
vs26,frame_30.jpg,1,videos_fake,lq,0.5625572
vs26,frame_45.jpg,1,videos_fake,lq,0.60537624
vs26,frame_60.jpg,1,videos_fake,lq,0.70137954
vs26,frame_75.jpg,1,videos_fake,lq,0.6474632
vs26,frame_90.jpg,1,videos_fake,lq,0.7272855
vs27,frame_0.jpg,1,videos_fake,lq,0.5535544
vs27,frame_15.jpg,1,videos_fake,lq,0.62421364
vs27,frame_30.jpg,1,videos_fake,lq,0.6322458
vs27,frame_45.jpg,1,videos_fake,lq,0.6393701
vs27,frame_60.jpg,1,videos_fake,lq,0.4578207
vs27,frame_75.jpg,1,videos_fake,lq,0.58877265
vs27,frame_90.jpg,1,videos_fake,lq,0.6242851
vs28,frame_0.jpg,1,videos_fake,lq,0.70861256
vs28,frame_15.jpg,1,videos_fake,lq,0.69616705
vs28,frame_30.jpg,1,videos_fake,lq,0.6990605
vs28,frame_45.jpg,1,videos_fake,lq,0.7174555
vs28,frame_60.jpg,1,videos_fake,lq,0.65384007
vs28,frame_75.jpg,1,videos_fake,lq,0.61750937
vs29,frame_0.jpg,1,videos_fake,lq,0.5128928
vs29,frame_105.jpg,1,videos_fake,lq,0.5208018
vs29,frame_120.jpg,1,videos_fake,lq,0.4481029
vs29,frame_15.jpg,1,videos_fake,lq,0.4823891
vs29,frame_30.jpg,1,videos_fake,lq,0.47615376
vs29,frame_45.jpg,1,videos_fake,lq,0.49871644
vs29,frame_60.jpg,1,videos_fake,lq,0.7066975
vs29,frame_75.jpg,1,videos_fake,lq,0.6336566
vs29,frame_90.jpg,1,videos_fake,lq,0.4318597
vs3,frame_0.jpg,1,videos_fake,lq,0.76702255
vs3,frame_105.jpg,1,videos_fake,lq,0.36757818
vs3,frame_15.jpg,1,videos_fake,lq,0.73158914
vs3,frame_30.jpg,1,videos_fake,lq,0.54746675
vs3,frame_45.jpg,1,videos_fake,lq,0.71631694
vs3,frame_60.jpg,1,videos_fake,lq,0.5661933
vs3,frame_75.jpg,1,videos_fake,lq,0.49931645
vs3,frame_90.jpg,1,videos_fake,lq,0.41451898
vs30,frame_0.jpg,1,videos_fake,lq,0.5805743
vs30,frame_15.jpg,1,videos_fake,lq,0.47596428
vs30,frame_30.jpg,1,videos_fake,lq,0.5867273
vs30,frame_45.jpg,1,videos_fake,lq,0.55551755
vs30,frame_60.jpg,1,videos_fake,lq,0.4927791
vs31,frame_0.jpg,1,videos_fake,lq,0.97607625
vs31,frame_105.jpg,1,videos_fake,lq,0.9859572
vs31,frame_120.jpg,1,videos_fake,lq,0.98705465
vs31,frame_135.jpg,1,videos_fake,lq,0.9826672
vs31,frame_15.jpg,1,videos_fake,lq,0.9678513
vs31,frame_150.jpg,1,videos_fake,lq,0.99835265
vs31,frame_165.jpg,1,videos_fake,lq,0.98917174
vs31,frame_30.jpg,1,videos_fake,lq,0.992907
vs31,frame_45.jpg,1,videos_fake,lq,0.96150243
vs31,frame_60.jpg,1,videos_fake,lq,0.98791957
vs31,frame_75.jpg,1,videos_fake,lq,0.9965633
vs31,frame_90.jpg,1,videos_fake,lq,0.9831492
vs32,frame_0.jpg,1,videos_fake,lq,0.9140654
vs32,frame_105.jpg,1,videos_fake,lq,0.9402094
vs32,frame_15.jpg,1,videos_fake,lq,0.82870924
vs32,frame_30.jpg,1,videos_fake,lq,0.8833202
vs32,frame_45.jpg,1,videos_fake,lq,0.95591086
vs32,frame_60.jpg,1,videos_fake,lq,0.9306168
vs32,frame_75.jpg,1,videos_fake,lq,0.9645221
vs32,frame_90.jpg,1,videos_fake,lq,0.95323086
vs33,frame_0.jpg,1,videos_fake,lq,0.17151166
vs33,frame_105.jpg,1,videos_fake,lq,0.49603572
vs33,frame_15.jpg,1,videos_fake,lq,0.20177566
vs33,frame_30.jpg,1,videos_fake,lq,0.3570277
vs33,frame_45.jpg,1,videos_fake,lq,0.39623845
vs33,frame_60.jpg,1,videos_fake,lq,0.37168762
vs33,frame_75.jpg,1,videos_fake,lq,0.6347225
vs33,frame_90.jpg,1,videos_fake,lq,0.52179337
vs34,frame_0.jpg,1,videos_fake,lq,0.6701345
vs34,frame_15.jpg,1,videos_fake,lq,0.046689562
vs34,frame_30.jpg,1,videos_fake,lq,0.06438474
vs34,frame_45.jpg,1,videos_fake,lq,0.148157
vs34,frame_60.jpg,1,videos_fake,lq,0.09676162
vs34,frame_75.jpg,1,videos_fake,lq,0.11081718
vs34,frame_90.jpg,1,videos_fake,lq,0.16977797
vs35,frame_0.jpg,1,videos_fake,lq,0.9830966
vs35,frame_15.jpg,1,videos_fake,lq,0.9627463
vs35,frame_30.jpg,1,videos_fake,lq,0.8561074
vs35,frame_45.jpg,1,videos_fake,lq,0.95602876
vs35,frame_60.jpg,1,videos_fake,lq,0.8861976
vs35,frame_75.jpg,1,videos_fake,lq,0.88366693
vs35,frame_90.jpg,1,videos_fake,lq,0.526305
vs36,frame_0.jpg,1,videos_fake,lq,0.771325
vs36,frame_15.jpg,1,videos_fake,lq,0.7787898
vs36,frame_30.jpg,1,videos_fake,lq,0.81182826
vs36,frame_45.jpg,1,videos_fake,lq,0.7674419
vs36,frame_60.jpg,1,videos_fake,lq,0.47814155
vs36,frame_75.jpg,1,videos_fake,lq,0.84300363
vs36,frame_90.jpg,1,videos_fake,lq,0.55547196
vs37,frame_0.jpg,1,videos_fake,lq,0.06388526
vs37,frame_15.jpg,1,videos_fake,lq,0.04298779
vs37,frame_30.jpg,1,videos_fake,lq,0.27706572
vs37,frame_45.jpg,1,videos_fake,lq,0.3274422
vs37,frame_60.jpg,1,videos_fake,lq,0.090559274
vs37,frame_75.jpg,1,videos_fake,lq,0.023648102
vs37,frame_90.jpg,1,videos_fake,lq,0.07581954
vs38,frame_0.jpg,1,videos_fake,lq,0.30006808
vs38,frame_105.jpg,1,videos_fake,lq,0.17574476
vs38,frame_120.jpg,1,videos_fake,lq,0.3185304
vs38,frame_135.jpg,1,videos_fake,lq,0.15204592
vs38,frame_15.jpg,1,videos_fake,lq,0.21452574
vs38,frame_30.jpg,1,videos_fake,lq,0.2102485
vs38,frame_45.jpg,1,videos_fake,lq,0.16987094
vs38,frame_60.jpg,1,videos_fake,lq,0.12635016
vs38,frame_75.jpg,1,videos_fake,lq,0.18299417
vs38,frame_90.jpg,1,videos_fake,lq,0.32323754
vs39,frame_0.jpg,1,videos_fake,lq,0.5836803
vs39,frame_15.jpg,1,videos_fake,lq,0.31344697
vs39,frame_30.jpg,1,videos_fake,lq,0.34205604
vs39,frame_45.jpg,1,videos_fake,lq,0.1500731
vs39,frame_60.jpg,1,videos_fake,lq,0.43945673
vs39,frame_75.jpg,1,videos_fake,lq,0.05322248
vs4,frame_0.jpg,1,videos_fake,lq,0.63032067
vs4,frame_15.jpg,1,videos_fake,lq,0.7659309
vs4,frame_30.jpg,1,videos_fake,lq,0.7168878
vs4,frame_45.jpg,1,videos_fake,lq,0.7058403
vs4,frame_60.jpg,1,videos_fake,lq,0.7166912
vs4,frame_75.jpg,1,videos_fake,lq,0.7507319
vs4,frame_90.jpg,1,videos_fake,lq,0.6852029
vs40,frame_0.jpg,1,videos_fake,lq,0.59435624
vs40,frame_15.jpg,1,videos_fake,lq,0.616953
vs40,frame_30.jpg,1,videos_fake,lq,0.68122137
vs40,frame_45.jpg,1,videos_fake,lq,0.6654047
vs40,frame_60.jpg,1,videos_fake,lq,0.7343688
vs40,frame_75.jpg,1,videos_fake,lq,0.79874194
vs40,frame_90.jpg,1,videos_fake,lq,0.8231917
vs41,frame_0.jpg,1,videos_fake,lq,0.39676997
vs41,frame_15.jpg,1,videos_fake,lq,0.5880704
vs41,frame_30.jpg,1,videos_fake,lq,0.32917088
vs41,frame_45.jpg,1,videos_fake,lq,0.67378443
vs41,frame_60.jpg,1,videos_fake,lq,0.1047357
vs41,frame_75.jpg,1,videos_fake,lq,0.6244941
vs41,frame_90.jpg,1,videos_fake,lq,0.075146295
vs42,frame_0.jpg,1,videos_fake,lq,0.5591125
vs42,frame_15.jpg,1,videos_fake,lq,0.6408397
vs42,frame_30.jpg,1,videos_fake,lq,0.61097866
vs42,frame_45.jpg,1,videos_fake,lq,0.58972394
vs42,frame_60.jpg,1,videos_fake,lq,0.5598302
vs42,frame_75.jpg,1,videos_fake,lq,0.44363907
vs42,frame_90.jpg,1,videos_fake,lq,0.5563231
vs43,frame_0.jpg,1,videos_fake,lq,0.0019726793
vs43,frame_15.jpg,1,videos_fake,lq,0.0031899223
vs43,frame_30.jpg,1,videos_fake,lq,0.0012812666
vs43,frame_45.jpg,1,videos_fake,lq,0.001121296
vs43,frame_60.jpg,1,videos_fake,lq,0.0015843284
vs43,frame_75.jpg,1,videos_fake,lq,0.0009627564
vs43,frame_90.jpg,1,videos_fake,lq,0.0032410396
vs44,frame_0.jpg,1,videos_fake,lq,0.48725984
vs44,frame_15.jpg,1,videos_fake,lq,0.60096216
vs44,frame_30.jpg,1,videos_fake,lq,0.48629186
vs44,frame_60.jpg,1,videos_fake,lq,0.52989274
vs44,frame_75.jpg,1,videos_fake,lq,0.54707086
vs44,frame_90.jpg,1,videos_fake,lq,0.5639616
vs45,frame_0.jpg,1,videos_fake,lq,0.8419205
vs45,frame_15.jpg,1,videos_fake,lq,0.90969574
vs45,frame_30.jpg,1,videos_fake,lq,0.6047684
vs45,frame_45.jpg,1,videos_fake,lq,0.92158884
vs45,frame_60.jpg,1,videos_fake,lq,0.79089737
vs45,frame_75.jpg,1,videos_fake,lq,0.5436431
vs45,frame_90.jpg,1,videos_fake,lq,0.6786449
vs46,frame_0.jpg,1,videos_fake,lq,0.63988775
vs46,frame_15.jpg,1,videos_fake,lq,0.5176996
vs46,frame_30.jpg,1,videos_fake,lq,0.49561402
vs46,frame_45.jpg,1,videos_fake,lq,0.4984232
vs46,frame_60.jpg,1,videos_fake,lq,0.3971201
vs46,frame_75.jpg,1,videos_fake,lq,0.29970878
vs46,frame_90.jpg,1,videos_fake,lq,0.2663955
vs47,frame_0.jpg,1,videos_fake,lq,0.48267683
vs47,frame_15.jpg,1,videos_fake,lq,0.6489161
vs47,frame_30.jpg,1,videos_fake,lq,0.6441767
vs47,frame_45.jpg,1,videos_fake,lq,0.58508444
vs47,frame_60.jpg,1,videos_fake,lq,0.5599706
vs47,frame_75.jpg,1,videos_fake,lq,0.74665284
vs48,frame_0.jpg,1,videos_fake,lq,0.012489471
vs48,frame_15.jpg,1,videos_fake,lq,0.0120313605
vs48,frame_30.jpg,1,videos_fake,lq,0.010660576
vs48,frame_45.jpg,1,videos_fake,lq,0.018144045
vs48,frame_60.jpg,1,videos_fake,lq,0.012280925
vs48,frame_75.jpg,1,videos_fake,lq,0.030961478
vs48,frame_90.jpg,1,videos_fake,lq,0.008430653
vs49,frame_0.jpg,1,videos_fake,lq,0.8931181
vs49,frame_15.jpg,1,videos_fake,lq,0.8906673
vs49,frame_30.jpg,1,videos_fake,lq,0.8859611
vs49,frame_45.jpg,1,videos_fake,lq,0.9337828
vs49,frame_60.jpg,1,videos_fake,lq,0.9309596
vs49,frame_75.jpg,1,videos_fake,lq,0.89773875
vs5,frame_0.jpg,1,videos_fake,lq,0.5414586
vs5,frame_105.jpg,1,videos_fake,lq,0.8346972
vs5,frame_15.jpg,1,videos_fake,lq,0.7682688
vs5,frame_30.jpg,1,videos_fake,lq,0.78732085
vs5,frame_45.jpg,1,videos_fake,lq,0.63465476
vs5,frame_60.jpg,1,videos_fake,lq,0.7373658
vs5,frame_75.jpg,1,videos_fake,lq,0.62967694
vs5,frame_90.jpg,1,videos_fake,lq,0.5475874
vs50,frame_0.jpg,1,videos_fake,lq,0.52710676
vs50,frame_15.jpg,1,videos_fake,lq,0.62198067
vs50,frame_30.jpg,1,videos_fake,lq,0.5862486
vs50,frame_45.jpg,1,videos_fake,lq,0.58008456
vs50,frame_60.jpg,1,videos_fake,lq,0.57667494
vs51,frame_0.jpg,1,videos_fake,lq,0.5552429
vs51,frame_105.jpg,1,videos_fake,lq,0.43691567
vs51,frame_15.jpg,1,videos_fake,lq,0.36229226
vs51,frame_30.jpg,1,videos_fake,lq,0.40603724
vs51,frame_45.jpg,1,videos_fake,lq,0.3169079
vs51,frame_60.jpg,1,videos_fake,lq,0.4811358
vs51,frame_75.jpg,1,videos_fake,lq,0.40021813
vs51,frame_90.jpg,1,videos_fake,lq,0.37416038
vs52,frame_0.jpg,1,videos_fake,lq,0.043049492
vs52,frame_15.jpg,1,videos_fake,lq,0.026607268
vs52,frame_30.jpg,1,videos_fake,lq,0.05126236
vs52,frame_45.jpg,1,videos_fake,lq,0.040634613
vs52,frame_60.jpg,1,videos_fake,lq,0.073458694
vs52,frame_75.jpg,1,videos_fake,lq,0.031883314
vs52,frame_90.jpg,1,videos_fake,lq,0.01859141
vs53,frame_0.jpg,1,videos_fake,lq,0.4888984
vs53,frame_105.jpg,1,videos_fake,lq,0.594008
vs53,frame_15.jpg,1,videos_fake,lq,0.44357267
vs53,frame_30.jpg,1,videos_fake,lq,0.46898362
vs53,frame_45.jpg,1,videos_fake,lq,0.43598112
vs53,frame_60.jpg,1,videos_fake,lq,0.41945988
vs53,frame_75.jpg,1,videos_fake,lq,0.35170165
vs53,frame_90.jpg,1,videos_fake,lq,0.5887264
vs6,frame_0.jpg,1,videos_fake,lq,0.30592006
vs6,frame_15.jpg,1,videos_fake,lq,0.47548422
vs6,frame_30.jpg,1,videos_fake,lq,0.3864563
vs6,frame_45.jpg,1,videos_fake,lq,0.04905551
vs6,frame_60.jpg,1,videos_fake,lq,0.018314684
vs6,frame_75.jpg,1,videos_fake,lq,0.06483553
vs7,frame_0.jpg,1,videos_fake,lq,0.24734934
vs7,frame_15.jpg,1,videos_fake,lq,0.40729573
vs7,frame_30.jpg,1,videos_fake,lq,0.20497425
vs7,frame_45.jpg,1,videos_fake,lq,0.14338352
vs7,frame_60.jpg,1,videos_fake,lq,0.34196478
vs7,frame_75.jpg,1,videos_fake,lq,0.11576919
vs7,frame_90.jpg,1,videos_fake,lq,0.12022811
vs8,frame_0.jpg,1,videos_fake,lq,0.76196384
vs8,frame_15.jpg,1,videos_fake,lq,0.821841
vs8,frame_30.jpg,1,videos_fake,lq,0.86321354
vs8,frame_45.jpg,1,videos_fake,lq,0.8191204
vs8,frame_60.jpg,1,videos_fake,lq,0.71538126
vs8,frame_75.jpg,1,videos_fake,lq,0.8922944
vs9,frame_0.jpg,1,videos_fake,lq,0.38232192
vs9,frame_105.jpg,1,videos_fake,lq,0.51278245
vs9,frame_15.jpg,1,videos_fake,lq,0.6224201
vs9,frame_30.jpg,1,videos_fake,lq,0.64963645
vs9,frame_45.jpg,1,videos_fake,lq,0.066292726
vs9,frame_60.jpg,1,videos_fake,lq,0.4223954
vs9,frame_75.jpg,1,videos_fake,lq,0.43097338
vs9,frame_90.jpg,1,videos_fake,lq,0.26501256
v1,frame_0.jpg,0,videos_real,lq,0.9431215
v1,frame_15.jpg,0,videos_real,lq,0.93000436
v1,frame_30.jpg,0,videos_real,lq,0.8392931
v1,frame_45.jpg,0,videos_real,lq,0.9455933
v1,frame_60.jpg,0,videos_real,lq,0.9786632
v1,frame_75.jpg,0,videos_real,lq,0.9529234
v10,frame_0.jpg,0,videos_real,lq,0.86288065
v10,frame_105.jpg,0,videos_real,lq,0.7589152
v10,frame_15.jpg,0,videos_real,lq,0.8185007
v10,frame_30.jpg,0,videos_real,lq,0.93735534
v10,frame_45.jpg,0,videos_real,lq,0.7210377
v10,frame_60.jpg,0,videos_real,lq,0.9310117
v10,frame_75.jpg,0,videos_real,lq,0.72569925
v10,frame_90.jpg,0,videos_real,lq,0.8675213
v11,frame_0.jpg,0,videos_real,lq,0.07087025
v11,frame_30.jpg,0,videos_real,lq,0.12776496
v11,frame_45.jpg,0,videos_real,lq,0.16426219
v11,frame_60.jpg,0,videos_real,lq,0.21569301
v11,frame_75.jpg,0,videos_real,lq,0.15281056
v12,frame_0.jpg,0,videos_real,lq,0.7811604
v12,frame_15.jpg,0,videos_real,lq,0.7688028
v12,frame_30.jpg,0,videos_real,lq,0.82904565
v12,frame_45.jpg,0,videos_real,lq,0.714061
v12,frame_60.jpg,0,videos_real,lq,0.7598775
v12,frame_75.jpg,0,videos_real,lq,0.64443564
v12,frame_90.jpg,0,videos_real,lq,0.5944586
v13,frame_0.jpg,0,videos_real,lq,0.82184696
v13,frame_15.jpg,0,videos_real,lq,0.58405447
v13,frame_30.jpg,0,videos_real,lq,0.6869956
v13,frame_45.jpg,0,videos_real,lq,0.7297209
v13,frame_60.jpg,0,videos_real,lq,0.69383854
v13,frame_75.jpg,0,videos_real,lq,0.82920384
v14,frame_0.jpg,0,videos_real,lq,0.56900847
v14,frame_15.jpg,0,videos_real,lq,0.3410797
v14,frame_30.jpg,0,videos_real,lq,0.64793515
v14,frame_45.jpg,0,videos_real,lq,0.51711
v14,frame_60.jpg,0,videos_real,lq,0.6049783
v14,frame_75.jpg,0,videos_real,lq,0.68893534
v15,frame_0.jpg,0,videos_real,lq,0.06918228
v15,frame_15.jpg,0,videos_real,lq,0.30128524
v15,frame_30.jpg,0,videos_real,lq,0.1550518
v15,frame_45.jpg,0,videos_real,lq,0.76235694
v16,frame_0.jpg,0,videos_real,lq,0.36852005
v16,frame_15.jpg,0,videos_real,lq,0.40210095
v16,frame_30.jpg,0,videos_real,lq,0.36901975
v16,frame_45.jpg,0,videos_real,lq,0.5893648
v16,frame_60.jpg,0,videos_real,lq,0.5056957
v16,frame_75.jpg,0,videos_real,lq,0.36655682
v17,frame_0.jpg,0,videos_real,lq,0.8827542
v17,frame_15.jpg,0,videos_real,lq,0.90626353
v17,frame_30.jpg,0,videos_real,lq,0.8941706
v17,frame_45.jpg,0,videos_real,lq,0.89295137
v17,frame_60.jpg,0,videos_real,lq,0.8826546
v17,frame_75.jpg,0,videos_real,lq,0.8727905
v17,frame_90.jpg,0,videos_real,lq,0.8856395
v18,frame_0.jpg,0,videos_real,lq,0.30659848
v18,frame_15.jpg,0,videos_real,lq,0.32131478
v18,frame_30.jpg,0,videos_real,lq,0.3766705
v18,frame_45.jpg,0,videos_real,lq,0.41954455
v18,frame_60.jpg,0,videos_real,lq,0.44987425
v18,frame_75.jpg,0,videos_real,lq,0.20660849
v18,frame_90.jpg,0,videos_real,lq,0.47170565
v19,frame_0.jpg,0,videos_real,lq,0.7081629
v19,frame_15.jpg,0,videos_real,lq,0.5464685
v19,frame_30.jpg,0,videos_real,lq,0.99991053
v19,frame_45.jpg,0,videos_real,lq,0.92042005
v19,frame_60.jpg,0,videos_real,lq,0.9978905
v19,frame_75.jpg,0,videos_real,lq,0.97789
v19,frame_90.jpg,0,videos_real,lq,0.98624146
v2,frame_0.jpg,0,videos_real,lq,0.8934642
v2,frame_15.jpg,0,videos_real,lq,0.8679777
v2,frame_30.jpg,0,videos_real,lq,0.67547226
v2,frame_45.jpg,0,videos_real,lq,0.95933735
v2,frame_60.jpg,0,videos_real,lq,0.9581282
v2,frame_75.jpg,0,videos_real,lq,0.901185
v2,frame_90.jpg,0,videos_real,lq,0.93830675
v20,frame_0.jpg,0,videos_real,lq,0.48495618
v20,frame_15.jpg,0,videos_real,lq,0.36135527
v20,frame_30.jpg,0,videos_real,lq,0.19742654
v20,frame_45.jpg,0,videos_real,lq,0.3624756
v20,frame_60.jpg,0,videos_real,lq,0.43795165
v20,frame_75.jpg,0,videos_real,lq,0.4857891
v20,frame_90.jpg,0,videos_real,lq,0.5421648
v21,frame_0.jpg,0,videos_real,lq,0.8914911
v21,frame_15.jpg,0,videos_real,lq,0.93983686
v21,frame_30.jpg,0,videos_real,lq,0.92931837
v21,frame_45.jpg,0,videos_real,lq,0.9465771
v21,frame_60.jpg,0,videos_real,lq,0.96635294
v21,frame_75.jpg,0,videos_real,lq,0.9689591
v22,frame_0.jpg,0,videos_real,lq,0.8982234
v22,frame_105.jpg,0,videos_real,lq,0.7924118
v22,frame_120.jpg,0,videos_real,lq,0.71639776
v22,frame_135.jpg,0,videos_real,lq,0.807364
v22,frame_15.jpg,0,videos_real,lq,0.87339395
v22,frame_150.jpg,0,videos_real,lq,0.68531215
v22,frame_165.jpg,0,videos_real,lq,0.7050152
v22,frame_30.jpg,0,videos_real,lq,0.85532755
v22,frame_45.jpg,0,videos_real,lq,0.76555264
v22,frame_60.jpg,0,videos_real,lq,0.8434968
v22,frame_75.jpg,0,videos_real,lq,0.7765563
v22,frame_90.jpg,0,videos_real,lq,0.69301647
v23,frame_0.jpg,0,videos_real,lq,0.7175837
v23,frame_15.jpg,0,videos_real,lq,0.87972707
v23,frame_30.jpg,0,videos_real,lq,0.89429855
v23,frame_45.jpg,0,videos_real,lq,0.8520143
v23,frame_60.jpg,0,videos_real,lq,0.9077379
v23,frame_75.jpg,0,videos_real,lq,0.7527082
v23,frame_90.jpg,0,videos_real,lq,0.8466207
v24,frame_0.jpg,0,videos_real,lq,0.9335302
v24,frame_15.jpg,0,videos_real,lq,0.867392
v24,frame_30.jpg,0,videos_real,lq,0.86747783
v24,frame_45.jpg,0,videos_real,lq,0.9533766
v24,frame_60.jpg,0,videos_real,lq,0.9658513
v24,frame_75.jpg,0,videos_real,lq,0.9821315
v24,frame_90.jpg,0,videos_real,lq,0.98360664
v25,frame_0.jpg,0,videos_real,lq,0.99618787
v25,frame_15.jpg,0,videos_real,lq,0.9965224
v25,frame_30.jpg,0,videos_real,lq,0.99631965
v25,frame_45.jpg,0,videos_real,lq,0.99668884
v25,frame_60.jpg,0,videos_real,lq,0.99882764
v25,frame_75.jpg,0,videos_real,lq,0.9980188
v25,frame_90.jpg,0,videos_real,lq,0.99833834
v26,frame_0.jpg,0,videos_real,lq,0.8016619
v26,frame_105.jpg,0,videos_real,lq,0.9029857
v26,frame_15.jpg,0,videos_real,lq,0.7713235
v26,frame_30.jpg,0,videos_real,lq,0.6449896
v26,frame_45.jpg,0,videos_real,lq,0.9257197
v26,frame_60.jpg,0,videos_real,lq,0.86131096
v26,frame_75.jpg,0,videos_real,lq,0.9264592
v26,frame_90.jpg,0,videos_real,lq,0.9620727
v27,frame_0.jpg,0,videos_real,lq,0.74360263
v27,frame_15.jpg,0,videos_real,lq,0.7522423
v27,frame_30.jpg,0,videos_real,lq,0.8947632
v27,frame_45.jpg,0,videos_real,lq,0.88153654
v27,frame_60.jpg,0,videos_real,lq,0.96674246
v27,frame_75.jpg,0,videos_real,lq,0.82484293
v27,frame_90.jpg,0,videos_real,lq,0.8820539
v28,frame_0.jpg,0,videos_real,lq,0.73118067
v28,frame_15.jpg,0,videos_real,lq,0.7933633
v28,frame_30.jpg,0,videos_real,lq,0.7016438
v28,frame_45.jpg,0,videos_real,lq,0.76170087
v28,frame_60.jpg,0,videos_real,lq,0.6571114
v28,frame_75.jpg,0,videos_real,lq,0.74257004
v29,frame_0.jpg,0,videos_real,lq,0.6704687
v29,frame_105.jpg,0,videos_real,lq,0.906639
v29,frame_120.jpg,0,videos_real,lq,0.83965826
v29,frame_15.jpg,0,videos_real,lq,0.8825682
v29,frame_30.jpg,0,videos_real,lq,0.9251895
v29,frame_45.jpg,0,videos_real,lq,0.8025454
v29,frame_60.jpg,0,videos_real,lq,0.8830508
v29,frame_75.jpg,0,videos_real,lq,0.89329886
v29,frame_90.jpg,0,videos_real,lq,0.6506467
v3,frame_0.jpg,0,videos_real,lq,0.9748334
v3,frame_105.jpg,0,videos_real,lq,0.88383675
v3,frame_15.jpg,0,videos_real,lq,0.9900197
v3,frame_30.jpg,0,videos_real,lq,0.9140177
v3,frame_45.jpg,0,videos_real,lq,0.9146507
v3,frame_60.jpg,0,videos_real,lq,0.86057854
v3,frame_75.jpg,0,videos_real,lq,0.83833563
v3,frame_90.jpg,0,videos_real,lq,0.8974232
v30,frame_0.jpg,0,videos_real,lq,0.9616565
v30,frame_15.jpg,0,videos_real,lq,0.8849697
v30,frame_30.jpg,0,videos_real,lq,0.7376795
v30,frame_45.jpg,0,videos_real,lq,0.98016167
v30,frame_60.jpg,0,videos_real,lq,0.95879364
v31,frame_0.jpg,0,videos_real,lq,0.99936235
v31,frame_105.jpg,0,videos_real,lq,0.9976678
v31,frame_120.jpg,0,videos_real,lq,0.99949896
v31,frame_135.jpg,0,videos_real,lq,0.99192065
v31,frame_15.jpg,0,videos_real,lq,0.998825
v31,frame_150.jpg,0,videos_real,lq,0.99837357
v31,frame_165.jpg,0,videos_real,lq,0.9995413
v31,frame_30.jpg,0,videos_real,lq,0.9986079
v31,frame_45.jpg,0,videos_real,lq,0.9996599
v31,frame_60.jpg,0,videos_real,lq,0.998778
v31,frame_75.jpg,0,videos_real,lq,0.9993411
v31,frame_90.jpg,0,videos_real,lq,0.99873537
v32,frame_0.jpg,0,videos_real,lq,0.9987558
v32,frame_105.jpg,0,videos_real,lq,0.99021894
v32,frame_15.jpg,0,videos_real,lq,0.9982961
v32,frame_30.jpg,0,videos_real,lq,0.997503
v32,frame_45.jpg,0,videos_real,lq,0.99638003
v32,frame_60.jpg,0,videos_real,lq,0.99646175
v32,frame_75.jpg,0,videos_real,lq,0.9983459
v32,frame_90.jpg,0,videos_real,lq,0.9855975
v33,frame_0.jpg,0,videos_real,lq,0.40643457
v33,frame_105.jpg,0,videos_real,lq,0.4729398
v33,frame_15.jpg,0,videos_real,lq,0.28992203
v33,frame_30.jpg,0,videos_real,lq,0.50332993
v33,frame_45.jpg,0,videos_real,lq,0.6540898
v33,frame_60.jpg,0,videos_real,lq,0.34274316
v33,frame_75.jpg,0,videos_real,lq,0.67441595
v33,frame_90.jpg,0,videos_real,lq,0.3701545
v34,frame_15.jpg,0,videos_real,lq,0.9359672
v34,frame_30.jpg,0,videos_real,lq,0.875643
v34,frame_45.jpg,0,videos_real,lq,0.9835727
v34,frame_60.jpg,0,videos_real,lq,0.9830948
v34,frame_75.jpg,0,videos_real,lq,0.96250874
v34,frame_90.jpg,0,videos_real,lq,0.974672
v35,frame_0.jpg,0,videos_real,lq,0.9979804
v35,frame_15.jpg,0,videos_real,lq,0.99867207
v35,frame_30.jpg,0,videos_real,lq,0.995687
v35,frame_45.jpg,0,videos_real,lq,0.9985048
v35,frame_60.jpg,0,videos_real,lq,0.9994236
v35,frame_75.jpg,0,videos_real,lq,0.99966955
v35,frame_90.jpg,0,videos_real,lq,0.9760444
v36,frame_0.jpg,0,videos_real,lq,0.9320559
v36,frame_15.jpg,0,videos_real,lq,0.9388182
v36,frame_30.jpg,0,videos_real,lq,0.91039133
v36,frame_45.jpg,0,videos_real,lq,0.9156613
v36,frame_60.jpg,0,videos_real,lq,0.9225265
v36,frame_75.jpg,0,videos_real,lq,0.93767697
v36,frame_90.jpg,0,videos_real,lq,0.8896372
v37,frame_0.jpg,0,videos_real,lq,0.95335555
v37,frame_15.jpg,0,videos_real,lq,0.95936847
v37,frame_30.jpg,0,videos_real,lq,0.93749225
v37,frame_45.jpg,0,videos_real,lq,0.94648
v37,frame_60.jpg,0,videos_real,lq,0.9775643
v37,frame_75.jpg,0,videos_real,lq,0.9578319
v37,frame_90.jpg,0,videos_real,lq,0.9276296
v38,frame_0.jpg,0,videos_real,lq,0.12655286
v38,frame_105.jpg,0,videos_real,lq,0.11230521
v38,frame_120.jpg,0,videos_real,lq,0.15584593
v38,frame_135.jpg,0,videos_real,lq,0.4418773
v38,frame_15.jpg,0,videos_real,lq,0.1388533
v38,frame_30.jpg,0,videos_real,lq,0.14989161
v38,frame_45.jpg,0,videos_real,lq,0.45617104
v38,frame_60.jpg,0,videos_real,lq,0.2180355
v38,frame_75.jpg,0,videos_real,lq,0.03075303
v38,frame_90.jpg,0,videos_real,lq,0.30640677
v39,frame_0.jpg,0,videos_real,lq,0.88647544
v39,frame_15.jpg,0,videos_real,lq,0.9364327
v39,frame_30.jpg,0,videos_real,lq,0.8483192
v39,frame_45.jpg,0,videos_real,lq,0.9145216
v39,frame_60.jpg,0,videos_real,lq,0.96885026
v39,frame_75.jpg,0,videos_real,lq,0.21414928
v4,frame_0.jpg,0,videos_real,lq,0.8701645
v4,frame_15.jpg,0,videos_real,lq,0.9304091
v4,frame_30.jpg,0,videos_real,lq,0.9441876
v4,frame_45.jpg,0,videos_real,lq,0.8496147
v4,frame_60.jpg,0,videos_real,lq,0.89727986
v4,frame_75.jpg,0,videos_real,lq,0.9341501
v4,frame_90.jpg,0,videos_real,lq,0.88161415
v40,frame_0.jpg,0,videos_real,lq,0.80219555
v40,frame_15.jpg,0,videos_real,lq,0.9261312
v40,frame_30.jpg,0,videos_real,lq,0.80909634
v40,frame_45.jpg,0,videos_real,lq,0.8669341
v40,frame_60.jpg,0,videos_real,lq,0.90770155
v40,frame_75.jpg,0,videos_real,lq,0.98665035
v40,frame_90.jpg,0,videos_real,lq,0.99589646
v41,frame_0.jpg,0,videos_real,lq,0.9887792
v41,frame_15.jpg,0,videos_real,lq,0.99319834
v41,frame_30.jpg,0,videos_real,lq,0.23306589
v41,frame_45.jpg,0,videos_real,lq,0.69697154
v41,frame_60.jpg,0,videos_real,lq,0.8587173
v41,frame_75.jpg,0,videos_real,lq,0.9450275
v41,frame_90.jpg,0,videos_real,lq,0.39893225
v42,frame_0.jpg,0,videos_real,lq,0.7524391
v42,frame_15.jpg,0,videos_real,lq,0.91381454
v42,frame_30.jpg,0,videos_real,lq,0.8019694
v42,frame_45.jpg,0,videos_real,lq,0.6247754
v42,frame_60.jpg,0,videos_real,lq,0.6463424
v42,frame_75.jpg,0,videos_real,lq,0.5748868
v42,frame_90.jpg,0,videos_real,lq,0.68263054
v43,frame_0.jpg,0,videos_real,lq,0.22204472
v43,frame_15.jpg,0,videos_real,lq,0.3821047
v43,frame_30.jpg,0,videos_real,lq,0.21335994
v43,frame_45.jpg,0,videos_real,lq,0.28610945
v43,frame_60.jpg,0,videos_real,lq,0.07917949
v43,frame_75.jpg,0,videos_real,lq,0.4080369
v43,frame_90.jpg,0,videos_real,lq,0.445276
v44,frame_0.jpg,0,videos_real,lq,0.48945302
v44,frame_15.jpg,0,videos_real,lq,0.534093
v44,frame_30.jpg,0,videos_real,lq,0.5310458
v44,frame_60.jpg,0,videos_real,lq,0.506042
v44,frame_75.jpg,0,videos_real,lq,0.5071719
v44,frame_90.jpg,0,videos_real,lq,0.5061451
v45,frame_0.jpg,0,videos_real,lq,0.99404496
v45,frame_15.jpg,0,videos_real,lq,0.99818474
v45,frame_30.jpg,0,videos_real,lq,0.9984019
v45,frame_45.jpg,0,videos_real,lq,0.9932287
v45,frame_60.jpg,0,videos_real,lq,0.9894045
v45,frame_75.jpg,0,videos_real,lq,0.9965376
v45,frame_90.jpg,0,videos_real,lq,0.9973957
v46,frame_0.jpg,0,videos_real,lq,0.71518254
v46,frame_15.jpg,0,videos_real,lq,0.394169
v46,frame_30.jpg,0,videos_real,lq,0.25017577
v46,frame_45.jpg,0,videos_real,lq,0.28351653
v46,frame_60.jpg,0,videos_real,lq,0.30771893
v46,frame_75.jpg,0,videos_real,lq,0.36671695
v46,frame_90.jpg,0,videos_real,lq,0.14574361
v47,frame_0.jpg,0,videos_real,lq,0.52351826
v47,frame_15.jpg,0,videos_real,lq,0.4776048
v47,frame_30.jpg,0,videos_real,lq,0.5312698
v47,frame_45.jpg,0,videos_real,lq,0.36618415
v47,frame_60.jpg,0,videos_real,lq,0.747313
v48,frame_0.jpg,0,videos_real,lq,0.16354713
v48,frame_15.jpg,0,videos_real,lq,0.11848333
v48,frame_30.jpg,0,videos_real,lq,0.16574092
v48,frame_45.jpg,0,videos_real,lq,0.40476826
v48,frame_60.jpg,0,videos_real,lq,0.278779
v48,frame_75.jpg,0,videos_real,lq,0.17879704
v48,frame_90.jpg,0,videos_real,lq,0.4651327
v49,frame_0.jpg,0,videos_real,lq,0.9967517
v49,frame_15.jpg,0,videos_real,lq,0.99853915
v49,frame_30.jpg,0,videos_real,lq,0.9991083
v49,frame_45.jpg,0,videos_real,lq,0.99788344
v49,frame_60.jpg,0,videos_real,lq,0.9983006
v49,frame_75.jpg,0,videos_real,lq,0.99883693
v5,frame_0.jpg,0,videos_real,lq,0.6763085
v5,frame_105.jpg,0,videos_real,lq,0.38738185
v5,frame_15.jpg,0,videos_real,lq,0.59956896
v5,frame_30.jpg,0,videos_real,lq,0.5875311
v5,frame_45.jpg,0,videos_real,lq,0.5567695
v5,frame_60.jpg,0,videos_real,lq,0.7569993
v5,frame_75.jpg,0,videos_real,lq,0.7838835
v5,frame_90.jpg,0,videos_real,lq,0.43491533
v50,frame_0.jpg,0,videos_real,lq,0.5569378
v50,frame_15.jpg,0,videos_real,lq,0.7153783
v50,frame_30.jpg,0,videos_real,lq,0.6007708
v50,frame_45.jpg,0,videos_real,lq,0.6864232
v50,frame_60.jpg,0,videos_real,lq,0.58759654
v51,frame_0.jpg,0,videos_real,lq,0.9100871
v51,frame_105.jpg,0,videos_real,lq,0.5424732
v51,frame_15.jpg,0,videos_real,lq,0.52627176
v51,frame_30.jpg,0,videos_real,lq,0.80190855
v51,frame_45.jpg,0,videos_real,lq,0.8940196
v51,frame_60.jpg,0,videos_real,lq,0.85720074
v51,frame_75.jpg,0,videos_real,lq,0.8902065
v51,frame_90.jpg,0,videos_real,lq,0.93732405
v52,frame_0.jpg,0,videos_real,lq,0.1917409
v52,frame_15.jpg,0,videos_real,lq,0.32880375
v52,frame_30.jpg,0,videos_real,lq,0.31770375
v52,frame_45.jpg,0,videos_real,lq,0.25603154
v52,frame_60.jpg,0,videos_real,lq,0.18261172
v52,frame_75.jpg,0,videos_real,lq,0.2698895
v52,frame_90.jpg,0,videos_real,lq,0.109261215
v53,frame_0.jpg,0,videos_real,lq,0.8832889
v53,frame_105.jpg,0,videos_real,lq,0.7667503
v53,frame_15.jpg,0,videos_real,lq,0.54156816
v53,frame_30.jpg,0,videos_real,lq,0.879065
v53,frame_45.jpg,0,videos_real,lq,0.8216902
v53,frame_60.jpg,0,videos_real,lq,0.7485523
v53,frame_75.jpg,0,videos_real,lq,0.82258475
v53,frame_90.jpg,0,videos_real,lq,0.7563726
v6,frame_0.jpg,0,videos_real,lq,0.9217262
v6,frame_15.jpg,0,videos_real,lq,0.82699287
v6,frame_30.jpg,0,videos_real,lq,0.8257873
v6,frame_45.jpg,0,videos_real,lq,0.5207827
v6,frame_60.jpg,0,videos_real,lq,0.3744071
v6,frame_75.jpg,0,videos_real,lq,0.1254102
v7,frame_0.jpg,0,videos_real,lq,0.29642573
v7,frame_15.jpg,0,videos_real,lq,0.6113256
v7,frame_30.jpg,0,videos_real,lq,0.4466027
v7,frame_45.jpg,0,videos_real,lq,0.20710719
v7,frame_60.jpg,0,videos_real,lq,0.59112406
v7,frame_75.jpg,0,videos_real,lq,0.3390037
v7,frame_90.jpg,0,videos_real,lq,0.51958454
v8,frame_0.jpg,0,videos_real,lq,0.9960432
v8,frame_15.jpg,0,videos_real,lq,0.9992317
v8,frame_30.jpg,0,videos_real,lq,0.99960333
v8,frame_45.jpg,0,videos_real,lq,0.9966503
v8,frame_60.jpg,0,videos_real,lq,0.999026
v8,frame_75.jpg,0,videos_real,lq,0.998264
v9,frame_0.jpg,0,videos_real,lq,0.9047949
v9,frame_105.jpg,0,videos_real,lq,0.79177403
v9,frame_15.jpg,0,videos_real,lq,0.91343415
v9,frame_30.jpg,0,videos_real,lq,0.921412
v9,frame_45.jpg,0,videos_real,lq,0.49991083
v9,frame_60.jpg,0,videos_real,lq,0.7044418
v9,frame_75.jpg,0,videos_real,lq,0.7781391
v9,frame_90.jpg,0,videos_real,lq,0.57824767
